id,name,country,status,reactor_type,reactor_model,construction_start,operational_from,operational_to,capacity,last_updated,source,iaeaid
723,Vogtle-3,United States,Operational,PWR,AP-1000,2013-03-02,2023-07-31,,1117.0,2023-08-28T08:01:45+03:00,WNA/IAEA,1042.0
764,Fangchenggang-3,China,Operational,PWR,HPR1000,2015-12-24,2023-03-25,,1000.0,2023-08-28T08:01:45+03:00,IAEA,945.0
32,Barakah-3 (Braka),United Arab Emirates,Operational,PWR,APR-1400,2014-09-24,2023-02-24,,1310.0,2023-08-28T08:01:45+03:00,WNA/IAEA,1052.0
622,Shin-Hanul-1,South Korea,Operational,PWR,APR-1400,2012-07-10,2022-12-07,,1340.0,2022-12-30T00:57:40+02:00,IAEA,887.0
323,Hongyanhe-6,China,Operational,PWR,ACPR-1000,2015-07-24,2022-06-23,,1061.0,2022-09-24T22:33:57+03:00,WNA/IAEA/GEO,998.0
768,KANUPP-3,Pakistan,Operational,PWR,ACP-1000,2016-05-31,2022-04-18,,1014.0,2022-09-24T22:33:57+03:00,IAEA,1068.0
240,Fuqing-6,China,Operational,PWR,HPR1000,2015-12-22,2022-03-25,,1075.0,2022-09-24T22:33:57+03:00,WNA/Wikipedia/IAEA,938.0
31,Barakah-2 (Braka),United Arab Emirates,Operational,PWR,APR-1400,2013-04-15,2022-03-24,,1310.0,2023-08-28T08:01:45+03:00,WNA/IAEA,1051.0
322,Hongyanhe-5,China,Operational,PWR,ACPR-1000,2015-03-29,2021-07-31,,1061.0,2022-01-05T00:04:08+02:00,WNA/IAEA/GEO,997.0
39,Belarusian-1,Belarus,Operational,PWR,VVER V-491,2013-11-08,2021-06-10,,1110.0,2021-10-01T00:14:53+03:00,IAEA,1056.0
690,Tianwan-6,China,Operational,PWR,CNP-1000,2016-09-07,2021-06-02,,1000.0,2021-06-29T00:12:17+03:00,WNA/Wikipedia/IAEA,976.0
766,KANUPP-2,Pakistan,Operational,PWR,ACP-1000,2015-08-20,2021-05-21,,1017.0,2022-04-21T20:26:19+03:00,IAEA,1067.0
30,Barakah-1 (Braka),United Arab Emirates,Operational,PWR,APR-1400,2012-07-19,2021-04-01,,1310.0,2023-08-28T08:01:45+03:00,WNA/IAEA,1050.0
424,Leningrad 2-2,Russia,Operational,PWR,VVER V-491,2010-04-15,2021-03-18,,1066.0,2021-04-30T21:49:18+03:00,WNA/IAEA,901.0
239,Fuqing-5,China,Operational,PWR,HPR1000,2015-05-07,2021-01-30,,1075.0,2022-12-30T00:57:40+02:00,WNA/IAEA,937.0
689,Tianwan-5,China,Operational,PWR,CNP-1000,2015-12-27,2020-09-08,,1000.0,2021-01-06T01:19:47+02:00,WNA/Wikipedia/IAEA,975.0
2,Akademik Lomonosov-2,Russia,Operational,PWR,KLT-40S 'Floating',2007-04-15,2020-05-22,,30.0,2021-05-31,WNA/IAEA/Google Maps,896.0
1,Akademik Lomonosov-1,Russia,Operational,PWR,KLT-40S 'Floating',2007-04-15,2020-05-22,,30.0,2021-05-31,WNA/IAEA/Google Maps,895.0
486,Novovoronezh 2-2,Russia,Operational,PWR,VVER V-392M,2009-07-12,2019-10-31,,1114.0,2020-04-18T04:46:52+03:00,WNA/IAEA,899.0
667,Taishan-2,China,Operational,PWR,EPR-1750,2010-04-15,2019-09-07,,1660.0,2022-09-24T22:33:57+03:00,WNA/IAEA/Wikipedia,919.0
627,Saeul-2,South Korea,Operational,PWR,APR-1400,2009-08-19,2019-08-29,,1340.0,2022-12-30T01:45:43+02:00,WNA/IAEA,886.0
751,Yangjiang-6,China,Operational,PWR,ACPR-1000,2013-12-23,2019-07-24,,1000.0,2019-11-22,IAEA,934.0
276,Haiyang-2,China,Operational,PWR,AP-1000,2010-06-20,2019-01-09,,1126.0,2019-06-02T20:18:37+03:00,WNA/IAEA,909.0
688,Tianwan-4,China,Operational,PWR,VVER V-428M,2013-09-27,2018-12-22,,1060.0,2019-06-02T20:19:28+03:00,WNA/IAEA,974.0
666,Taishan-1,China,Operational,PWR,EPR-1750,2009-11-18,2018-12-13,,1660.0,2021-01-09T20:00:00+02:00,WNA/IAEA/Wikipedia,918.0
595,Sanmen-2,China,Operational,PWR,AP-1000,2009-12-15,2018-11-05,,1157.0,2019-06-02T20:19:24+03:00,WNA/IAEA,880.0
423,Leningrad 2-1,Russia,Operational,PWR,VVER V-491,2008-10-25,2018-10-29,,1066.0,2019-11-22,WNA/IAEA,900.0
275,Haiyang-1,China,Operational,PWR,AP-1000,2009-09-24,2018-10-22,,1126.0,2019-06-02T20:18:34+03:00,WNA/IAEA,908.0
584,Rostov-4 (Volgodonsk-4),Russia,Operational,PWR,VVER V-320,2010-06-16,2018-09-28,,950.0,2019-06-02T20:19:20+03:00,WNA/IAEA,507.0
594,Sanmen-1,China,Operational,PWR,AP-1000,2009-04-19,2018-09-21,,1157.0,2018-10-13T22:30:42+03:00,WNA/IAEA,879.0
750,Yangjiang-5,China,Operational,PWR,ACPR-1000,2013-09-18,2018-07-12,,1021.0,2019-06-02T20:19:31+03:00,IAEA,933.0
687,Tianwan-3,China,Operational,PWR,VVER V-428M,2012-12-27,2018-02-14,,1060.0,2018-07-01T01:21:55+03:00,WNA/IAEA,973.0
132,CHASNUPP-4,Pakistan,Operational,PWR,CNP-300,2011-12-18,2017-09-19,,313.0,2021-06-07,IAEA,1045.0
238,Fuqing-4,China,Operational,PWR,CNP-1000,2012-11-17,2017-09-17,,1000.0,2018-03-10T14:52:08+02:00,WNA/IAEA,936.0
401,Kudankulam-2,India,Operational,PWR,VVER V-412,2002-07-04,2017-03-31,,917.0,2017-09-25T03:20:10+03:00,WNA/IAEA,853.0
749,Yangjiang-4,China,Operational,PWR,CPR-1000,2012-11-17,2017-03-15,,1000.0,2017-09-25T03:20:38+03:00,WNA/IAEA,932.0
485,Novovoronezh 2-1,Russia,Operational,PWR,VVER V-392M,2008-06-24,2017-02-27,,1114.0,2019-11-22,WNA/IAEA,898.0
626,Saeul-1,South Korea,Operational,PWR,APR-1400,2008-10-16,2016-12-20,,1340.0,2022-12-30T01:45:43+02:00,WNA/IAEA,885.0
131,CHASNUPP-3,Pakistan,Operational,PWR,CNP-300,2011-05-28,2016-12-06,,315.0,2021-06-07,WNA/IAEA,1044.0
48,Beloyarsk-4,Russia,Operational,FBR,BN-800,2006-07-18,2016-10-31,,820.0,2017-09-25T03:19:53+03:00,WNA/IAEA,451.0
237,Fuqing-3,China,Operational,PWR,CNP-1000,2010-12-31,2016-10-24,,1000.0,2017-02-10T23:59:36+02:00,WNA/IAEA,935.0
727,Watts Bar-2,United States,Operational,PWR,WH 4LP (ICECND),1973-09-01,2016-10-19,,1165.0,2017-02-10T23:58:57+02:00,WNA/IAEA,700.0
208,Fangchenggang-2,China,Operational,PWR,CPR-1000,2010-12-23,2016-10-01,,1000.0,2017-02-10T23:59:36+02:00,WNA/IAEA,944.0
124,Changjiang-2,China,Operational,PWR,CNP-600,2010-11-21,2016-08-12,,601.0,2021-04-20T03:20:43+03:00,WNA/IAEA/Wikipedia,940.0
476,Ningde-4,China,Operational,PWR,CPR-1000,2010-09-29,2016-07-21,,1018.0,2016-10-03T22:05:23+03:00,WNA/IAEA,924.0
321,Hongyanhe-4,China,Operational,PWR,CPR-1000,2009-08-15,2016-06-08,,1061.0,2019-06-02T20:18:47+03:00,WNA/IAEA/GEO,907.0
24,Atucha-2,Argentina,Operational,PHWR,PHWR KWU,1981-07-13,2016-05-25,,692.0,2023-08-28T08:01:45+03:00,WNA/IAEA,5.0
748,Yangjiang-3,China,Operational,PWR,CPR-1000,2010-11-15,2016-01-01,,1000.0,2016-03-09T18:43:57+02:00,WNA/IAEA,931.0
207,Fangchenggang-1,China,Operational,PWR,CPR-1000,2010-07-30,2016-01-01,,1000.0,2019-06-29T22:55:52+03:00,WNA/IAEA,943.0
123,Changjiang-1,China,Operational,PWR,CNP-600,2010-04-25,2015-12-25,,601.0,2021-04-20T03:20:43+03:00,WNA/IAEA/Wikipedia,939.0
236,Fuqing-2,China,Operational,PWR,CNP-1000,2009-06-17,2015-10-16,,1000.0,2016-03-09T18:43:55+02:00,WNA/IAEA,915.0
583,Rostov-3 (Volgodonsk-3),Russia,Operational,PWR,VVER V-320,2009-09-15,2015-09-17,,950.0,2017-02-10T23:57:13+02:00,WNA/IAEA,506.0
320,Hongyanhe-3,China,Operational,PWR,CPR-1000,2009-03-07,2015-08-16,,1061.0,2017-09-25T03:20:36+03:00,WNA/IAEA/GEO,906.0
621,Shin-Wolsong-2,South Korea,Operational,PWR,OPR-1000,2008-09-23,2015-07-24,,950.0,2022-04-21T20:26:19+03:00,WNA/IAEA,884.0
475,Ningde-3,China,Operational,PWR,CPR-1000,2010-01-08,2015-06-10,,1018.0,2015-08-23T03:28:29+03:00,WNA/IAEA,923.0
747,Yangjiang-2,China,Operational,PWR,CPR-1000,2009-06-04,2015-06-05,,1000.0,2015-08-23T03:28:27+03:00,WNA/IAEA,882.0
210,Fangjiashan-2,China,Operational,PWR,CPR-1000,2009-07-17,2015-02-12,,1000.0,2015-05-24T04:51:56+03:00,WNA/IAEA,913.0
400,Kudankulam-1,India,Operational,PWR,VVER V-412,2002-03-31,2014-12-31,,917.0,2015-05-24T04:51:50+03:00,WNA/IAEA,852.0
209,Fangjiashan-1,China,Operational,PWR,CPR-1000,2008-12-26,2014-12-15,,1000.0,2015-05-24T04:51:56+03:00,WNA/IAEA,912.0
235,Fuqing-1,China,Operational,PWR,CNP-1000,2008-11-21,2014-11-22,,1000.0,2016-03-09T18:43:50+02:00,WNA/IAEA,914.0
319,Hongyanhe-2,China,Operational,PWR,CPR-1000,2008-03-28,2014-05-13,,1061.0,2015-08-23T03:28:28+03:00,WNA/IAEA/GEO,905.0
474,Ningde-2,China,Operational,PWR,CPR-1000,2008-11-12,2014-05-04,,1018.0,2015-05-24T04:51:56+03:00,WNA/IAEA,922.0
746,Yangjiang-1,China,Operational,PWR,CPR-1000,2008-12-16,2014-03-25,,1021.0,2015-05-24T04:51:52+03:00,WNA/IAEA,881.0
97,Bushehr-1,Iran,Operational,PWR,VVER V-446,1975-05-01,2013-09-23,,915.0,2015-05-24T04:51:26+03:00,WNA/IAEA,310.0
318,Hongyanhe-1,China,Operational,PWR,CPR-1000,2007-08-18,2013-06-06,,1061.0,2015-08-23T03:28:28+03:00,WNA/IAEA/GEO,904.0
473,Ningde-1,China,Operational,PWR,CPR-1000,2008-02-18,2013-04-15,,1018.0,2015-05-24T04:51:56+03:00,WNA/IAEA,921.0
361,Kalinin-4,Russia,Operational,PWR,VVER V-320,1986-08-01,2012-12-25,,950.0,2015-05-24T04:51:35+03:00,WNA/IAEA,496.0
620,Shin-Wolsong-1,South Korea,Operational,PWR,OPR-1000,2007-11-20,2012-07-31,,950.0,2022-04-21T20:26:19+03:00,WNA/IAEA,883.0
625,Shin-Kori-2,South Korea,Operational,PWR,OPR-1000,2007-06-05,2012-07-20,,995.0,2022-04-21T20:26:19+03:00,WNA/IAEA,865.0
559,Qinshan-2-4 (Qinshan 5),China,Operational,PWR,CNP-600,2007-01-28,2011-12-30,,619.0,2015-05-24T04:51:51+03:00,WNA/IAEA,877.0
438,Lingao-4,China,Operational,PWR,CPR-1000,2006-06-15,2011-08-07,,1007.0,2015-05-24T04:51:51+03:00,WNA/IAEA,875.0
130,CHASNUPP-2,Pakistan,Operational,PWR,CNP-300,2005-12-28,2011-05-18,,300.0,2021-06-07,WNA/IAEA,429.0
624,Shin-Kori-1,South Korea,Operational,PWR,OPR-1000,2006-06-16,2011-02-28,,998.0,2022-04-21T20:26:19+03:00,WNA/IAEA,864.0
351,Kaiga-4,India,Operational,PHWR,Horizontal Pressure Tube type,2002-05-10,2011-01-20,,202.0,2015-05-24T04:54:06+03:00,WNA/IAEA,292.0
582,Rostov-2 (Volgodonsk-2),Russia,Operational,PWR,VVER V-320,1983-05-01,2010-12-10,,950.0,2015-05-24T04:51:35+03:00,WNA/IAEA,505.0
558,Qinshan-2-3 (Qinshan 4),China,Operational,PWR,CNP-600,2006-04-28,2010-10-05,,619.0,2015-05-24T04:51:51+03:00,WNA/IAEA,876.0
437,Lingao-3,China,Operational,PWR,CPR-1000,2005-12-15,2010-09-15,,1007.0,2015-05-24T04:51:51+03:00,WNA/IAEA,878.0
570,Rajasthan-6,India,Operational,PHWR,Horizontal Pressure Tube type,2003-01-20,2010-03-31,,202.0,2015-05-24T04:54:06+03:00,WNA/IAEA,297.0
569,Rajasthan-5,India,Operational,PHWR,Horizontal Pressure Tube type,2002-09-18,2010-02-04,,202.0,2015-05-24T04:54:06+03:00,WNA/IAEA,295.0
698,Tomari-3,Japan,Suspended Operation,PWR,M (3-loop),2004-11-18,2009-12-22,,866.0,2022-09-24T22:33:57+03:00,WNA/IAEA,856.0
121,Cernavoda-2,Romania,Operational,PHWR,CANDU 6,1983-07-01,2007-11-01,,650.0,2019-06-02T20:18:16+03:00,WNA/IAEA,443.0
686,Tianwan-2,China,Operational,PWR,VVER V-428,2000-09-20,2007-08-16,,990.0,2015-05-24T04:51:50+03:00,WNA/IAEA,839.0
685,Tianwan-1,China,Operational,PWR,VVER V-428,1999-10-20,2007-05-17,,990.0,2015-05-24T04:51:50+03:00,WNA/IAEA,838.0
350,Kaiga-3,India,Operational,PHWR,Horizontal Pressure Tube type,2002-03-30,2007-05-06,,202.0,2015-05-24T04:54:05+03:00,WNA/IAEA,291.0
678,Tarapur-3,India,Operational,PHWR,Horizontal Pressure Tube Type,2000-05-12,2006-08-18,,502.0,2015-05-24T04:54:06+03:00,WNA/IAEA,300.0
588,Rivne-4,Ukraine,Operational,PWR,VVER V-320,1986-08-01,2006-04-06,,950.0,2023-08-28T08:51:40+03:00,WNA/IAEA,589.0
616,Shika-2,Japan,Suspended Operation,BWR,ABWR,2001-08-20,2006-03-15,,1304.0,2022-12-30T02:24:37+02:00,WNA/IAEA,842.0
378,Khmelnitski-2,Ukraine,Operational,PWR,VVER V-320,1985-02-01,2005-12-15,,950.0,2015-05-24T04:51:40+03:00,WNA/IAEA,574.0
306,Higashi Dori-1 (Tohoku),Japan,Suspended Operation,BWR,BWR-5,2000-11-07,2005-12-08,,1067.0,2022-12-30T02:21:21+02:00,WNA/IAEA,841.0
360,Kalinin-3,Russia,Operational,PWR,VVER V-320,1985-10-01,2005-11-08,,950.0,2015-05-24T04:51:34+03:00,WNA/IAEA,495.0
679,Tarapur-4,India,Operational,PHWR,Horizontal Pressure Tube Type,2000-03-08,2005-09-12,,502.0,2015-05-24T04:54:06+03:00,WNA/IAEA,301.0
297,Hanul-6,South Korea,Operational,PWR,OPR-1000,2000-09-29,2005-04-22,,950.0,2022-04-21T20:26:19+03:00,IAEA,406.0
284,Hamaoka-5,Japan,Suspended Operation,BWR,ABWR,2000-07-12,2005-01-18,,1325.0,2022-12-30T02:07:18+02:00,WNA/IAEA,843.0
296,Hanul-5,South Korea,Operational,PWR,OPR-1000,1999-10-01,2004-07-29,,950.0,2022-04-21T20:26:19+03:00,IAEA,404.0
557,Qinshan-2-2 (Qinshan 3),China,Operational,PWR,CNP-600,1997-04-01,2004-05-03,,610.0,2015-05-24T04:50:40+03:00,WNA/IAEA,66.0
561,Qinshan-3-2 (Qinshan 7),China,Operational,PHWR,CANDU 6,1998-09-25,2003-07-24,,677.0,2015-05-24T04:51:50+03:00,WNA/IAEA,840.0
681,Temelin-2,Czechia,Operational,PWR,VVER V-320,1987-02-01,2003-04-18,,1029.0,2021-02-14T03:47:53+02:00,WNA/IAEA,75.0
436,Lingao-2,China,Operational,PWR,M310,1997-11-28,2003-01-08,,950.0,2015-05-24T04:50:40+03:00,WNA/IAEA,68.0
560,Qinshan-3-1 (Qinshan 6),China,Operational,PHWR,CANDU 6,1998-06-08,2002-12-31,,677.0,2015-05-24T04:50:40+03:00,WNA/IAEA,69.0
291,Hanbit-6,South Korea,Operational,PWR,OPR-1000,1997-11-20,2002-12-24,,993.0,2021-04-20T02:47:37+03:00,IAEA,403.0
680,Temelin-1,Czechia,Operational,PWR,VVER V-320,1987-02-01,2002-06-10,,1027.0,2021-02-14T03:47:53+02:00,WNA/IAEA,74.0
435,Lingao-1,China,Operational,PWR,M310,1997-05-15,2002-05-28,,950.0,2015-05-24T04:50:40+03:00,WNA/IAEA,67.0
290,Hanbit-5,South Korea,Operational,PWR,OPR-1000,1997-06-29,2002-05-21,,950.0,2023-08-28T08:01:45+03:00,IAEA,402.0
150,Civaux-2,France,Operational,PWR,N4 REP 1450,1991-04-01,2002-04-23,,1450.0,2015-05-24T04:51:07+03:00,WNA/IAEA,228.0
556,Qinshan-2-1 (Qinshan 2),China,Operational,PWR,CNP-600,1996-06-02,2002-04-15,,610.0,2015-05-24T04:50:40+03:00,WNA/IAEA,65.0
509,Onagawa-3,Japan,Suspended Operation,BWR,BWR-5,1998-01-23,2002-01-30,,796.0,2022-12-30T02:21:21+02:00,WNA/IAEA,385.0
149,Civaux-1,France,Operational,PWR,N4 REP 1450,1988-10-15,2002-01-29,,1450.0,2015-05-24T04:51:07+03:00,WNA/IAEA,227.0
581,Rostov-1 (Volgodonsk-1),Russia,Operational,PWR,VVER V-320,1981-09-01,2001-12-25,,950.0,2015-05-24T04:51:35+03:00,WNA/IAEA,502.0
13,Angra-2,Brazil,Operational,PWR,PRE KONVOI,1976-01-01,2001-02-01,,1245.0,2015-05-24T04:50:19+03:00,WNA/IAEA,25.0
568,Rajasthan-4,India,Operational,PHWR,Horizontal Pressure Tube type,1990-10-01,2000-12-23,,202.0,2015-05-24T04:54:05+03:00,WNA/IAEA,288.0
348,Kaiga-1,India,Operational,PHWR,Horizontal Pressure Tube type,1989-09-01,2000-11-16,,202.0,2015-05-24T04:54:05+03:00,WNA/IAEA,289.0
148,Chooz-B2,France,Operational,PWR,N4 REP 1450,1985-12-31,2000-09-29,,1455.0,2015-05-24T04:51:06+03:00,WNA/IAEA,226.0
129,CHASNUPP-1,Pakistan,Operational,PWR,CNP-300,1993-08-01,2000-09-15,,300.0,2021-06-07,WNA/IAEA,428.0
567,Rajasthan-3,India,Operational,PHWR,Horizontal Pressure Tube type,1990-02-01,2000-06-01,,202.0,2015-05-24T04:54:05+03:00,WNA/IAEA,287.0
147,Chooz-B1,France,Operational,PWR,N4 REP 1450,1984-01-01,2000-05-15,,1455.0,2015-05-24T04:51:04+03:00,WNA/IAEA,220.0
459,Mochovce-2,Slovakia,Operational,PWR,VVER V-213,1983-10-13,2000-04-11,,408.0,2021-10-01T00:14:53+03:00,WNA/IAEA,551.0
349,Kaiga-2,India,Operational,PHWR,Horizontal Pressure Tube type,1989-12-01,2000-03-16,,202.0,2015-05-24T04:54:05+03:00,WNA/IAEA,290.0
295,Hanul-4,South Korea,Operational,PWR,OPR-1000,1993-11-01,1999-12-31,,950.0,2022-04-21T20:26:19+03:00,IAEA,399.0
734,Wolsong-4,South Korea,Operational,PHWR,CANDU 6,1994-07-22,1999-10-01,,669.0,2022-04-21T20:26:19+03:00,WNA/IAEA,401.0
458,Mochovce-1,Slovakia,Operational,PWR,VVER V-213,1983-10-13,1998-10-29,,408.0,2021-10-01T00:14:53+03:00,WNA/IAEA,550.0
294,Hanul-3,South Korea,Operational,PWR,OPR-1000,1993-07-21,1998-08-11,,997.0,2021-04-20T02:47:37+03:00,IAEA,398.0
733,Wolsong-3,South Korea,Operational,PHWR,CANDU 6,1994-03-17,1998-07-01,,665.0,2022-04-21T20:26:19+03:00,WNA/IAEA,400.0
248,Genkai-4,Japan,Operational,PWR,M (4-loop),1992-07-15,1997-07-25,,1127.0,2015-05-24T04:51:29+03:00,WNA/IAEA,373.0
375,Kashiwazaki Kariwa-7,Japan,Suspended Operation,BWR,ABWR,1993-07-01,1997-07-02,,1315.0,2023-08-28T08:01:45+03:00,WNA/IAEA,384.0
732,Wolsong-2,South Korea,Operational,PHWR,CANDU 6,1992-09-25,1997-07-01,,652.0,2022-04-21T20:26:19+03:00,WNA/IAEA,408.0
120,Cernavoda-1,Romania,Operational,PHWR,CANDU 6,1983-03-31,1996-12-02,,650.0,2021-01-06T01:19:47+02:00,WNA/IAEA,442.0
374,Kashiwazaki Kariwa-6,Japan,Suspended Operation,BWR,ABWR,1992-11-03,1996-11-07,,1315.0,2023-08-28T08:01:45+03:00,WNA/IAEA,383.0
760,Zaporozhye-6,Ukraine,Operational,PWR,VVER V-320,1986-06-01,1996-09-17,,950.0,2015-05-24T04:51:39+03:00,WNA/IAEA,567.0
726,Watts Bar-1,United States,Operational,PWR,WH 4LP (ICECND),1973-07-20,1996-05-27,,1218.0,2017-02-10T23:58:57+02:00,WNA/IAEA,699.0
289,Hanbit-4,South Korea,Operational,PWR,OPR-1000,1990-05-26,1996-01-01,,950.0,2022-09-24T22:33:57+03:00,IAEA,397.0
638,Sizewell-B,United Kingdom,Operational,PWR,SNUPPS,1988-07-18,1995-09-22,,1188.0,2015-05-24T04:51:18+03:00,WNA/IAEA,263.0
355,Kakrapar-2,India,Operational,PHWR,Horizontal Pressure Tube type,1985-04-01,1995-09-01,,202.0,2015-05-24T04:54:05+03:00,WNA/IAEA,286.0
508,Onagawa-2,Japan,Suspended Operation,BWR,BWR-5,1991-04-12,1995-07-28,,796.0,2023-08-28T08:01:45+03:00,WNA/IAEA,382.0
418,Laguna Verde-2,Mexico,Operational,BWR,BWR-5,1977-06-01,1995-04-10,,780.0,2016-03-09T18:43:28+02:00,WNA/IAEA,421.0
288,Hanbit-3,South Korea,Operational,PWR,OPR-1000,1989-12-23,1995-03-31,,950.0,2022-04-21T20:26:19+03:00,IAEA,396.0
335,Ikata-3,Japan,Operational,PWR,M (3-loop),1990-10-01,1994-12-15,,846.0,2015-05-24T04:51:29+03:00,WNA/IAEA,374.0
372,Kashiwazaki Kariwa-4,Japan,Suspended Operation,BWR,BWR-5,1990-03-05,1994-08-11,,1067.0,2022-09-24T22:33:57+03:00,WNA/IAEA,381.0
175,Daya Bay-2 (Guangdong-2),China,Operational,PWR,M310,1988-04-07,1994-05-06,,930.0,2015-05-24T04:50:39+03:00,WNA/IAEA,64.0
555,Qinshan-1,China,Operational,PWR,CNP-300,1985-03-20,1994-04-01,,289.0,2023-08-28T08:01:45+03:00,WNA/IAEA,62.0
247,Genkai-3,Japan,Operational,PWR,M (4-loop),1988-06-01,1994-03-18,,1127.0,2015-05-24T04:51:29+03:00,WNA/IAEA,372.0
254,Golfech-2,France,Operational,PWR,P4 REP 1300,1984-10-01,1994-03-04,,1310.0,2015-05-24T04:51:06+03:00,WNA/IAEA,224.0
174,Daya Bay-1 (Guangdong-1),China,Operational,PWR,M310,1987-08-07,1994-02-01,,930.0,2015-05-24T04:50:39+03:00,WNA/IAEA,63.0
397,Kozloduy-6,Bulgaria,Operational,PWR,VVER V-320,1982-04-01,1993-12-30,,1003.0,2020-04-18T04:46:52+03:00,WNA/IAEA,21.0
28,Balakovo-4,Russia,Operational,PWR,VVER V-320,1984-04-01,1993-12-22,,950.0,2015-05-24T04:51:36+03:00,WNA/IAEA,527.0
283,Hamaoka-4,Japan,Suspended Operation,BWR,BWR-5,1989-10-13,1993-09-03,,1092.0,2022-12-30T02:07:18+02:00,WNA/IAEA,376.0
371,Kashiwazaki Kariwa-3,Japan,Suspended Operation,BWR,BWR-5,1989-03-07,1993-08-11,,1067.0,2022-09-24T22:33:57+03:00,WNA/IAEA,380.0
155,Comanche Peak-2,United States,Operational,PWR,WH 4LP (DRYAMB),1974-12-19,1993-08-03,,1150.0,2017-02-10T23:59:17+02:00,WNA/IAEA,730.0
615,Shika-1,Japan,Suspended Operation,BWR,BWR-5,1989-07-01,1993-07-30,,505.0,2022-12-30T02:24:37+02:00,WNA/IAEA,375.0
170,Darlington-4,Canada,Operational,PHWR,CANDU 850,1985-07-01,1993-06-14,,881.0,2015-05-24T04:50:26+03:00,WNA/IAEA,46.0
354,Kakrapar-1,India,Operational,PHWR,Horizontal Pressure Tube type,1984-12-01,1993-05-06,,202.0,2015-05-24T04:54:06+03:00,WNA/IAEA,308.0
169,Darlington-3,Canada,Operational,PHWR,CANDU 850,1984-09-01,1993-02-14,,881.0,2015-05-24T04:50:26+03:00,WNA/IAEA,45.0
499,Ohi-4,Japan,Operational,PWR,M (4-loop),1988-06-13,1993-02-02,,1127.0,2015-05-24T04:51:30+03:00,WNA/IAEA,379.0
167,Darlington-1,Canada,Operational,PHWR,CANDU 850,1982-04-01,1992-11-14,,881.0,2015-05-24T04:50:25+03:00,WNA/IAEA,43.0
533,Penly-2,France,Operational,PWR,P4 REP 1300,1984-08-01,1992-11-01,,1330.0,2015-05-24T04:51:05+03:00,WNA/IAEA,222.0
467,Narora-2,India,Operational,PHWR,Horizontal Pressure Tube type,1977-11-01,1992-07-01,,202.0,2015-05-24T04:54:06+03:00,WNA/IAEA,307.0
118,Cattenom-4,France,Operational,PWR,P4 REP 1300,1983-09-28,1992-01-01,,1300.0,2015-05-24T04:51:06+03:00,WNA/IAEA,223.0
498,Ohi-3,Japan,Operational,PWR,M (4-loop),1987-10-03,1991-12-18,,1127.0,2015-05-24T04:51:30+03:00,WNA/IAEA,378.0
697,Tomari-2,Japan,Suspended Operation,PWR,M (2-loop),1985-06-13,1991-04-12,,550.0,2022-09-24T22:33:57+03:00,WNA/IAEA,371.0
253,Golfech-1,France,Operational,PWR,P4 REP 1300,1982-11-17,1991-02-01,,1310.0,2015-05-24T04:51:04+03:00,WNA/IAEA,219.0
117,Cattenom-3,France,Operational,PWR,P4 REP 1300,1982-06-15,1991-02-01,,1300.0,2015-05-24T04:51:04+03:00,WNA/IAEA,218.0
466,Narora-1,India,Operational,PHWR,Horizontal Pressure Tube type,1976-12-01,1991-01-01,,202.0,2015-05-24T04:54:06+03:00,WNA/IAEA,306.0
532,Penly-1,France,Operational,PWR,P4 REP 1300,1982-09-01,1990-12-01,,1330.0,2015-05-24T04:51:05+03:00,WNA/IAEA,221.0
643,Smolensk-3,Russia,Operational,LWGR,RBMK-1000,1984-05-01,1990-10-12,,925.0,2015-05-24T04:51:36+03:00,WNA/IAEA,508.0
168,Darlington-2,Canada,Operational,PHWR,CANDU 850,1981-09-01,1990-10-09,,881.0,2015-05-24T04:50:26+03:00,WNA/IAEA,44.0
370,Kashiwazaki Kariwa-2,Japan,Suspended Operation,BWR,BWR-5,1985-11-18,1990-09-28,,1067.0,2022-09-24T22:33:57+03:00,WNA/IAEA,365.0
602,Seabrook-1,United States,Operational,PWR,WH 4LP (DRYAMB),1976-07-07,1990-08-19,,1149.0,2017-02-10T23:59:16+02:00,WNA/IAEA,727.0
154,Comanche Peak-1,United States,Operational,PWR,WH 4LP (DRYAMB),1974-12-19,1990-08-13,,1150.0,2017-02-10T23:59:17+02:00,WNA/IAEA,729.0
417,Laguna Verde-1,Mexico,Operational,BWR,BWR-5,1976-09-30,1990-07-28,,780.0,2022-04-21T20:26:19+03:00,WNA/IAEA,420.0
373,Kashiwazaki Kariwa-5,Japan,Suspended Operation,BWR,BWR-5,1985-06-20,1990-04-10,,1067.0,2022-09-24T22:33:57+03:00,WNA/IAEA,367.0
434,Limerick-2,United States,Operational,BWR,BWR-4 (Mark 2),1974-06-19,1990-01-08,,1055.0,2015-05-24T04:51:47+03:00,WNA/IAEA,679.0
648,South Ukraine-3,Ukraine,Operational,PWR,VVER V-320,1984-11-01,1989-12-29,,950.0,2015-05-24T04:51:40+03:00,WNA/IAEA,579.0
267,Greifswald-5,Germany,Shutdown,PWR,VVER V-213,1976-12-01,1989-11-01,1989-11-24,408.0,2015-05-24T04:50:47+03:00,WNA/IAEA,127.0
759,Zaporozhye-5,Ukraine,Operational,PWR,VVER V-320,1985-11-01,1989-10-27,,950.0,2015-05-24T04:51:39+03:00,WNA/IAEA,566.0
293,Hanul-2,South Korea,Operational,PWR,France CPI,1983-07-05,1989-09-30,,903.0,2023-08-28T08:01:45+03:00,IAEA,395.0
696,Tomari-1,Japan,Suspended Operation,PWR,M (2-loop),1985-04-18,1989-06-22,,550.0,2022-09-24T22:33:57+03:00,WNA/IAEA,370.0
645,South Texas-2,United States,Operational,PWR,WH 4LP (DRYAMB),1975-12-22,1989-06-19,,1250.0,2017-02-10T23:59:21+02:00,WNA/IAEA,765.0
722,Vogtle-2,United States,Operational,PWR,WH 4LP (DRYAMB),1976-08-01,1989-05-20,,1101.0,2017-02-10T23:59:16+02:00,WNA/IAEA,719.0
482,Nogent-2,France,Operational,PWR,P4 REP 1300,1982-01-01,1989-05-01,,1310.0,2015-05-24T04:51:03+03:00,WNA/IAEA,216.0
469,Neckarwestheim-2,Germany,Shutdown,PWR,Konvoi,1982-11-09,1989-04-15,2023-04-15,1225.0,2023-08-28T08:01:45+03:00,WNA/IAEA,119.0
27,Balakovo-3,Russia,Operational,PWR,VVER V-320,1982-11-01,1989-04-08,,950.0,2015-05-24T04:51:36+03:00,WNA/IAEA,526.0
198,Dungeness-B2,United Kingdom,Shutdown,GCR,AGR,1965-10-01,1989-04-01,2021-06-07,607.0,2022-01-05T00:04:08+02:00,WNA/IAEA,249.0
298,Hartlepool-A1,United Kingdom,Operational,GCR,AGR,1968-10-01,1989-04-01,,590.0,2021-04-20T02:47:37+03:00,WNA/IAEA,250.0
299,Hartlepool-A2,United Kingdom,Operational,GCR,AGR,1968-10-01,1989-04-01,,595.0,2021-04-20T02:47:37+03:00,WNA/IAEA,251.0
302,Heysham-A1,United Kingdom,Operational,GCR,AGR,1970-12-01,1989-04-01,,611.0,2015-05-24T04:51:18+03:00,WNA/IAEA,256.0
303,Heysham-A2,United Kingdom,Operational,GCR,AGR,1970-12-01,1989-04-01,,611.0,2015-05-24T04:51:18+03:00,WNA/IAEA,257.0
304,Heysham-B1,United Kingdom,Operational,GCR,AGR,1980-08-01,1989-04-01,,615.0,2015-05-24T04:51:18+03:00,WNA/IAEA,259.0
305,Heysham-B2,United Kingdom,Operational,GCR,AGR,1980-08-01,1989-04-01,,615.0,2015-05-24T04:51:18+03:00,WNA/IAEA,260.0
618,Shimane-2,Japan,Suspended Operation,BWR,BWR-5,1985-02-02,1989-02-10,,789.0,2023-08-28T08:01:45+03:00,WNA/IAEA,368.0
700,Torness-2,United Kingdom,Operational,GCR,AGR,1980-08-01,1989-02-03,,645.0,2015-05-24T04:51:18+03:00,WNA/IAEA,262.0
44,Belleville-2,France,Operational,PWR,P4 REP 1300,1980-08-01,1989-01-01,,1310.0,2015-05-24T04:51:02+03:00,WNA/IAEA,212.0
396,Kozloduy-5,Bulgaria,Operational,PWR,VVER V-320,1980-07-09,1988-12-23,,953.0,2022-04-21T20:26:19+03:00,WNA/IAEA,20.0
76,Braidwood-2,United States,Operational,PWR,WH 4LP (DRYAMB),1975-08-01,1988-10-17,,1120.0,2017-02-10T23:59:19+02:00,WNA/IAEA,738.0
292,Hanul-1,South Korea,Operational,PWR,France CPI,1983-01-26,1988-09-10,,903.0,2022-04-21T20:26:19+03:00,IAEA,413.0
644,South Texas-1,United States,Operational,PWR,WH 4LP (DRYAMB),1975-12-22,1988-08-25,,1250.0,2017-02-10T23:59:20+02:00,WNA/IAEA,764.0
377,Khmelnitski-1,Ukraine,Operational,PWR,VVER V-320,1981-11-01,1988-08-13,,950.0,2015-05-24T04:51:40+03:00,WNA/IAEA,573.0
707,Trillo-1,Spain,Operational,PWR,PWR 3 loops,1979-08-17,1988-08-06,,990.0,2015-05-24T04:50:49+03:00,WNA/IAEA,141.0
75,Braidwood-1,United States,Operational,PWR,WH 4LP (DRYAMB),1975-08-01,1988-07-29,,1120.0,2017-02-10T23:59:18+02:00,WNA/IAEA,737.0
203,Emsland,Germany,Shutdown,PWR,Konvoi,1982-08-10,1988-06-20,2023-04-15,1242.0,2023-08-28T08:01:45+03:00,WNA/IAEA,108.0
43,Belleville-1,France,Operational,PWR,P4 REP 1300,1980-05-01,1988-06-01,,1310.0,2015-05-24T04:51:02+03:00,WNA/IAEA,211.0
699,Torness-1,United Kingdom,Operational,GCR,AGR,1980-08-01,1988-05-25,,645.0,2015-05-24T04:51:18+03:00,WNA/IAEA,261.0
758,Zaporozhye-4,Ukraine,Operational,PWR,VVER V-320,1983-04-01,1988-04-14,,950.0,2015-05-24T04:51:40+03:00,WNA/IAEA,595.0
340,Isar-2,Germany,Shutdown,PWR,Konvoi,1982-09-15,1988-04-09,2023-04-15,1285.0,2023-08-28T08:01:45+03:00,WNA/IAEA,106.0
145,Chinon-B4,France,Operational,PWR,CP2,1981-02-01,1988-04-01,,905.0,2015-05-24T04:51:03+03:00,WNA/IAEA,214.0
472,Nine Mile Point-2,United States,Operational,BWR,BWR-5 (Mark 2),1975-08-01,1988-03-11,,1100.0,2015-05-24T04:51:48+03:00,WNA/IAEA,711.0
717,Vandellos-2,Spain,Operational,PWR,WH 3LP,1980-12-29,1988-03-08,,930.0,2017-02-10T23:56:13+02:00,WNA/IAEA,146.0
481,Nogent-1,France,Operational,PWR,P4 REP 1300,1981-05-26,1988-02-24,,1310.0,2015-05-24T04:51:03+03:00,WNA/IAEA,215.0
116,Cattenom-2,France,Operational,PWR,P4 REP 1300,1980-07-28,1988-02-01,,1300.0,2015-05-24T04:51:02+03:00,WNA/IAEA,210.0
206,Enrico Fermi-2,United States,Operational,BWR,BWR-4 (Mark 1),1972-09-26,1988-01-23,,1093.0,2015-05-24T04:51:47+03:00,WNA/IAEA,674.0
26,Balakovo-2,Russia,Operational,PWR,VVER V-320,1981-08-01,1988-01-18,,950.0,2015-05-24T04:51:36+03:00,WNA/IAEA,525.0
521,Palo Verde-3,United States,Operational,PWR,CE80 2LP (DRYAMB),1976-06-01,1988-01-08,,1304.0,2017-02-10T23:59:23+02:00,WNA/IAEA,791.0
331,Ignalina-2,Lithuania,Shutdown,LWGR,RBMK-1500,1978-01-01,1987-12-01,2009-12-31,1500.0,2022-04-21T20:26:19+03:00,WNA/IAEA,416.0
151,Clinton-1,United States,Operational,BWR,BWR-6 (Mark 3),1975-10-01,1987-11-24,,950.0,2015-05-24T04:51:49+03:00,WNA/IAEA,742.0
535,Perry-1,United States,Operational,BWR,BWR-6 (Mark 3),1974-10-01,1987-11-18,,1205.0,2015-05-24T04:51:49+03:00,WNA/IAEA,725.0
38,Beaver Valley-2,United States,Operational,PWR,WH 3LP (DRYSUB),1974-05-03,1987-11-17,,836.0,2017-02-10T23:58:59+02:00,WNA/IAEA,712.0
517,Paks-4,Hungary,Operational,PWR,VVER V-213,1979-10-01,1987-11-01,,410.0,2015-05-24T04:51:21+03:00,WNA/IAEA,281.0
282,Hamaoka-3,Japan,Suspended Operation,BWR,BWR-5,1983-04-18,1987-08-28,,1056.0,2022-12-30T02:07:18+02:00,WNA/IAEA,362.0
234,Fukushima Daini-4,Japan,Shutdown,BWR,BWR-5,1981-05-28,1987-08-25,2019-09-30,1067.0,2020-04-18T04:46:52+03:00,WNA/IAEA,364.0
465,Muelheim-Kaerlich,Germany,Shutdown,PWR,PWR,1975-01-15,1987-08-18,1988-09-09,1219.0,2015-05-24T04:50:45+03:00,WNA/IAEA,96.0
102,Byron-2,United States,Operational,PWR,WH 4LP (DRYAMB),1975-04-01,1987-08-02,,1120.0,2017-02-10T23:59:18+02:00,WNA/IAEA,736.0
194,Dukovany-4,Czechia,Operational,PWR,VVER V-213,1979-03-01,1987-07-19,,420.0,2015-05-24T04:50:42+03:00,WNA/IAEA,81.0
287,Hanbit-2,South Korea,Operational,PWR,WH F,1981-12-01,1987-06-10,,903.0,2022-04-21T20:26:19+03:00,IAEA,412.0
721,Vogtle-1,United States,Operational,PWR,WH 4LP (DRYAMB),1976-08-01,1987-06-01,,1122.0,2017-02-10T23:59:15+02:00,WNA/IAEA,718.0
684,THTR-300,Germany,Shutdown,HTGR,Pebble bed reactor,1971-05-03,1987-06-01,1988-09-29,296.0,2015-05-24T04:54:05+03:00,WNA/IAEA,92.0
88,Bruce-8,Canada,Operational,PHWR,CANDU 750B,1979-07-30,1987-05-20,,795.0,2022-04-21T20:26:19+03:00,WNA/IAEA,42.0
587,Rivne-3,Ukraine,Operational,PWR,VVER V-320,1980-02-01,1987-05-16,,950.0,2023-08-28T08:51:40+03:00,WNA/IAEA,572.0
613,Shearon Harris-1,United States,Operational,PWR,WH 3LP (DRYAMB),1978-01-28,1987-05-02,,900.0,2017-02-10T23:58:59+02:00,WNA/IAEA,704.0
115,Cattenom-1,France,Operational,PWR,P4 REP 1300,1979-10-29,1987-04-01,,1300.0,2015-05-24T04:51:01+03:00,WNA/IAEA,207.0
217,Flamanville-2,France,Operational,PWR,P4 REP 1300,1980-05-01,1987-03-09,,1330.0,2015-05-24T04:51:00+03:00,WNA/IAEA,203.0
757,Zaporozhye-3,Ukraine,Operational,PWR,VVER V-320,1982-04-01,1987-03-05,,950.0,2015-05-24T04:51:40+03:00,WNA/IAEA,594.0
144,Chinon-B3,France,Operational,PWR,CP2,1980-10-01,1987-03-04,,905.0,2015-05-24T04:51:03+03:00,WNA/IAEA,213.0
359,Kalinin-2,Russia,Operational,PWR,VVER V-338,1982-02-01,1987-03-03,,950.0,2015-05-24T04:51:34+03:00,WNA/IAEA,490.0
650,St. Alban-2,France,Operational,PWR,P4 REP 1300,1979-07-31,1987-03-01,,1335.0,2015-05-24T04:51:01+03:00,WNA/IAEA,205.0
710,Tsuruga-2,Japan,Suspended Operation,PWR,M (4-loop),1982-11-06,1987-02-17,,1115.0,2022-12-30T02:24:37+02:00,WNA/IAEA,360.0
77,Brokdorf,Germany,Shutdown,PWR,PWR,1976-01-01,1986-12-22,2021-12-31,1307.0,2022-04-21T20:26:19+03:00,WNA/IAEA,107.0
193,Dukovany-3,Czechia,Operational,PWR,VVER V-213,1979-03-01,1986-12-20,,420.0,2015-05-24T04:50:42+03:00,WNA/IAEA,80.0
324,Hope Creek-1,United States,Operational,BWR,BWR-4 (Mark 1),1976-03-01,1986-12-20,,1067.0,2015-05-24T04:51:47+03:00,WNA/IAEA,680.0
516,Paks-3,Hungary,Operational,PWR,VVER V-213,1979-10-01,1986-12-01,,410.0,2015-05-24T04:51:21+03:00,WNA/IAEA,280.0
661,Super-Phenix,France,Shutdown,FBR,Na-1200,1976-12-13,1986-12-01,1998-12-31,1200.0,2015-05-24T04:50:53+03:00,WNA/IAEA,178.0
216,Flamanville-1,France,Operational,PWR,P4 REP 1300,1979-12-01,1986-12-01,,1330.0,2015-05-24T04:51:00+03:00,WNA/IAEA,202.0
520,Palo Verde-2,United States,Operational,PWR,CE80 2LP (DRYAMB),1976-06-01,1986-09-19,,1304.0,2017-02-10T23:59:22+02:00,WNA/IAEA,790.0
286,Hanbit-1,South Korea,Operational,PWR,WH F,1981-06-04,1986-08-25,,903.0,2022-04-21T20:26:19+03:00,IAEA,411.0
114,Catawba-2,United States,Operational,PWR,WH 4LP (ICECND),1974-05-01,1986-08-19,,1145.0,2017-02-10T23:59:14+02:00,WNA/IAEA,714.0
579,River Bend-1,United States,Operational,BWR,BWR-6 (Mark 3),1977-03-25,1986-06-16,,966.0,2015-05-24T04:51:49+03:00,WNA/IAEA,739.0
525,Paluel-4,France,Operational,PWR,P4 REP 1300,1980-02-01,1986-06-01,,1330.0,2015-05-24T04:50:58+03:00,WNA/IAEA,194.0
25,Balakovo-1,Russia,Operational,PWR,VVER V-320,1980-12-01,1986-05-23,,950.0,2015-05-24T04:51:36+03:00,WNA/IAEA,524.0
649,St. Alban-1,France,Operational,PWR,P4 REP 1300,1979-01-29,1986-05-01,,1335.0,2015-05-24T04:51:00+03:00,WNA/IAEA,204.0
391,Kori-4,South Korea,Operational,PWR,WH F,1980-04-01,1986-04-29,,1012.0,2021-04-20T02:47:37+03:00,WNA/IAEA,410.0
457,Millstone-3,United States,Operational,PWR,WH 4LP (DRYSUB),1974-08-09,1986-04-23,,1159.0,2017-02-10T23:59:15+02:00,WNA/IAEA,717.0
87,Bruce-7,Canada,Operational,PHWR,CANDU 750B,1979-05-01,1986-04-10,,822.0,2015-05-24T04:50:24+03:00,WNA/IAEA,41.0
22,Asco-2,Spain,Operational,PWR,WH 3LP,1975-03-07,1986-03-31,,888.0,2023-08-28T08:01:45+03:00,WNA/IAEA,156.0
364,Kalpakkam-2 (Madras-2 / MAPS2),India,Operational,PHWR,Horizontal Pressure Tube type,1972-10-01,1986-03-21,,202.0,2015-05-24T04:54:06+03:00,WNA/IAEA,305.0
192,Dukovany-2,Czechia,Operational,PWR,VVER V-213,1979-01-01,1986-03-21,,420.0,2015-05-24T04:50:42+03:00,WNA/IAEA,79.0
177,Diablo Canyon-2,United States,Operational,PWR,WH 4LP (DRYAMB),1970-12-09,1986-03-13,,1106.0,2017-02-10T23:58:39+02:00,WNA/IAEA,660.0
546,Pickering-8,Canada,Operational,PHWR,CANDU 500B,1976-09-01,1986-02-28,,516.0,2015-05-24T04:50:23+03:00,WNA/IAEA,36.0
756,Zaporozhye-2,Ukraine,Operational,PWR,VVER V-320,1981-01-01,1986-02-15,,950.0,2015-05-24T04:51:40+03:00,WNA/IAEA,586.0
415,Kursk-4,Russia,Operational,LWGR,RBMK-1000,1981-05-01,1986-02-05,,925.0,2015-05-24T04:51:35+03:00,WNA/IAEA,498.0
524,Paluel-3,France,Operational,PWR,P4 REP 1300,1979-02-01,1986-02-01,,1330.0,2015-05-24T04:50:58+03:00,WNA/IAEA,193.0
433,Limerick-1,United States,Operational,BWR,BWR-4 (Mark 2),1974-06-19,1986-02-01,,1055.0,2015-05-24T04:51:47+03:00,WNA/IAEA,678.0
519,Palo Verde-1,United States,Operational,PWR,CE80 2LP (DRYAMB),1976-05-25,1986-01-28,,1221.0,2017-02-10T23:59:21+02:00,WNA/IAEA,789.0
755,Zaporozhye-1,Ukraine,Operational,PWR,VVER V-320,1980-04-01,1985-12-25,,950.0,2015-05-24T04:51:40+03:00,WNA/IAEA,584.0
68,Bohunice-4,Slovakia,Operational,PWR,VVER V-213,1976-12-01,1985-12-18,,466.0,2021-02-14T03:47:53+02:00,WNA/IAEA,547.0
522,Paluel-1,France,Operational,PWR,P4 REP 1300,1977-08-15,1985-12-01,,1330.0,2015-05-24T04:50:57+03:00,WNA/IAEA,191.0
523,Paluel-2,France,Operational,PWR,P4 REP 1300,1978-01-01,1985-12-01,,1330.0,2015-05-24T04:50:57+03:00,WNA/IAEA,192.0
604,Sendai-2,Japan,Operational,PWR,M (3-loop),1981-10-12,1985-11-28,,846.0,2015-05-24T04:51:29+03:00,WNA/IAEA,363.0
383,Koeberg-2,South Africa,Operational,PWR,CP1,1976-07-01,1985-11-09,,921.0,2015-05-24T04:51:50+03:00,WNA/IAEA,837.0
262,Gravelines-6,France,Operational,PWR,CP1,1979-10-01,1985-10-25,,910.0,2015-05-24T04:51:02+03:00,WNA/IAEA,209.0
390,Kori-3,South Korea,Operational,PWR,WH F,1979-10-01,1985-09-30,,1001.0,2022-04-21T20:26:19+03:00,WNA/IAEA,409.0
725,Waterford-3,United States,Operational,PWR,CE 2LP (DRYAMB),1974-11-14,1985-09-24,,1104.0,2017-02-10T23:58:56+02:00,WNA/IAEA,695.0
369,Kashiwazaki Kariwa-1,Japan,Suspended Operation,BWR,BWR-5,1980-06-05,1985-09-18,,1067.0,2022-09-24T22:33:57+03:00,WNA/IAEA,359.0
101,Byron-1,United States,Operational,PWR,WH 4LP (DRYAMB),1975-04-01,1985-09-16,,1120.0,2017-02-10T23:59:17+02:00,WNA/IAEA,735.0
730,Wolf Creek,United States,Operational,PWR,WH 4LP (DRYAMB),1977-05-31,1985-09-03,,1170.0,2017-02-10T23:59:19+02:00,WNA/IAEA,751.0
693,Tihange-3,Belgium,Operational,PWR,WH 3LP,1978-11-01,1985-09-01,,1020.0,2017-02-10T23:55:44+02:00,WNA/IAEA,15.0
221,Forsmark-3,Sweden,Operational,BWR,"AA-IV, BWR-3000",1979-01-01,1985-08-18,,1050.0,2018-03-10T14:51:53+02:00,WNA/IAEA,532.0
512,Oskarshamn-3,Sweden,Operational,BWR,"AA-IV, BWR-3000",1980-05-01,1985-08-15,,1050.0,2018-03-10T14:51:50+02:00,WNA/IAEA,531.0
642,Smolensk-2,Russia,Operational,LWGR,RBMK-1000,1976-06-01,1985-07-02,,925.0,2015-05-24T04:51:34+03:00,WNA/IAEA,487.0
181,Doel-4,Belgium,Operational,PWR,WH 3LP,1978-12-01,1985-07-01,,1000.0,2017-02-10T23:55:43+02:00,WNA/IAEA,14.0
256,Grand Gulf-1,United States,Operational,BWR,BWR-6 (Mark 3),1974-05-04,1985-07-01,,1250.0,2015-05-24T04:51:49+03:00,WNA/IAEA,715.0
113,Catawba-1,United States,Operational,PWR,WH 4LP (ICECND),1974-05-01,1985-06-29,,1145.0,2017-02-10T23:59:13+02:00,WNA/IAEA,713.0
233,Fukushima Daini-3,Japan,Shutdown,BWR,BWR-5,1981-03-23,1985-06-21,2019-09-30,1067.0,2020-04-18T04:46:52+03:00,WNA/IAEA,361.0
358,Kalinin-1,Russia,Operational,PWR,VVER V-338,1977-02-01,1985-06-12,,950.0,2015-05-24T04:51:34+03:00,WNA/IAEA,489.0
671,Takahama-4,Japan,Operational,PWR,M (3-loop),1981-03-19,1985-06-05,,830.0,2015-05-24T04:51:28+03:00,WNA/IAEA,356.0
448,Maanshan-2,Taiwan,Operational,PWR,WH 3LP (WE 312),1979-02-21,1985-05-18,,938.0,2021-04-20T02:47:37+03:00,WNA/IAEA,559.0
176,Diablo Canyon-1,United States,Operational,PWR,WH 4LP (DRYAMB),1968-04-23,1985-05-07,,1084.0,2017-02-10T23:58:09+02:00,WNA/IAEA,628.0
191,Dukovany-1,Czechia,Operational,PWR,VVER V-213,1979-01-01,1985-05-03,,420.0,2023-08-28T08:01:45+03:00,WNA/IAEA,78.0
330,Ignalina-1,Lithuania,Shutdown,LWGR,RBMK-1500,1977-05-01,1985-05-01,2004-12-31,1500.0,2022-04-21T20:26:19+03:00,WNA/IAEA,415.0
538,Philippsburg-2,Germany,Shutdown,PWR,PWR,1977-07-07,1985-04-18,2019-12-31,1268.0,2020-04-18T04:46:52+03:00,WNA/IAEA,98.0
647,South Ukraine-2,Ukraine,Operational,PWR,VVER V-338,1981-07-01,1985-04-06,,950.0,2015-05-24T04:51:40+03:00,WNA/IAEA,578.0
197,Dungeness-B1,United Kingdom,Shutdown,GCR,AGR,1965-10-01,1985-04-01,2021-06-07,607.0,2022-01-05T00:04:08+02:00,WNA/IAEA,248.0
158,Cruas-2,France,Operational,PWR,CP2,1978-11-15,1985-04-01,,915.0,2015-05-24T04:50:59+03:00,WNA/IAEA,199.0
152,Cofrentes,Spain,Operational,BWR,BWR-6 (Mark 3),1975-09-09,1985-03-11,,939.0,2017-02-10T23:56:09+02:00,WNA/IAEA,140.0
85,Bruce-5,Canada,Operational,PHWR,CANDU 750B,1978-05-31,1985-02-28,,822.0,2022-04-21T20:26:19+03:00,WNA/IAEA,38.0
67,Bohunice-3,Slovakia,Operational,PWR,VVER V-213,1976-12-01,1985-02-14,,466.0,2021-02-14T03:47:53+02:00,WNA/IAEA,546.0
665,Susquehanna-2,United States,Operational,BWR,BWR-4 (Mark 2),1973-11-02,1985-02-12,,1065.0,2015-05-24T04:51:48+03:00,WNA/IAEA,697.0
160,Cruas-4,France,Operational,PWR,CP2,1979-10-01,1985-02-11,,880.0,2015-05-24T04:51:00+03:00,WNA/IAEA,201.0
268,Grohnde,Germany,Shutdown,PWR,PWR,1976-06-01,1985-02-01,2021-12-31,1289.0,2022-04-21T20:26:19+03:00,WNA/IAEA,101.0
272,Gundremmingen-C,Germany,Shutdown,BWR,BWR-72,1976-07-20,1985-01-18,2021-12-31,1249.0,2022-04-21T20:26:19+03:00,WNA/IAEA,102.0
670,Takahama-3,Japan,Operational,PWR,M (3-loop),1980-12-12,1985-01-17,,830.0,2015-05-24T04:51:28+03:00,WNA/IAEA,354.0
261,Gravelines-5,France,Operational,PWR,CP1,1979-10-01,1985-01-15,,910.0,2015-05-24T04:51:01+03:00,WNA/IAEA,208.0
545,Pickering-7,Canada,Operational,PHWR,CANDU 500B,1976-03-01,1985-01-01,,516.0,2015-05-24T04:50:23+03:00,WNA/IAEA,35.0
12,Angra-1,Brazil,Operational,PWR,WH 2LP,1971-05-01,1985-01-01,,609.0,2021-02-14T03:47:53+02:00,WNA/IAEA,24.0
107,Callaway-1,United States,Operational,PWR,WH 4LP (DRYAMB),1975-09-01,1984-12-19,,1171.0,2017-02-10T23:59:20+02:00,WNA/IAEA,752.0
422,Leibstadt,Switzerland,Operational,BWR,BWR-6,1974-01-01,1984-12-15,,960.0,2015-05-24T04:50:39+03:00,WNA/IAEA,59.0
153,Columbia (WNP-2),United States,Operational,BWR,BWR-5 (Mark 2),1972-08-01,1984-12-13,,1100.0,2015-05-24T04:51:48+03:00,WNA/IAEA,702.0
21,Asco-1,Spain,Operational,PWR,WH 3LP,1974-05-16,1984-12-10,,888.0,2023-08-28T08:01:45+03:00,WNA/IAEA,155.0
387,Kola-4,Russia,Operational,PWR,VVER V-213,1976-08-01,1984-12-06,,411.0,2015-05-24T04:51:34+03:00,WNA/IAEA,492.0
515,Paks-2,Hungary,Operational,PWR,VVER V-213,1974-08-01,1984-11-14,,410.0,2015-05-24T04:51:21+03:00,WNA/IAEA,279.0
420,LaSalle-2,United States,Operational,BWR,BWR-5 (Mark 2),1973-09-10,1984-10-19,,1078.0,2015-05-24T04:51:48+03:00,WNA/IAEA,693.0
86,Bruce-6,Canada,Operational,PHWR,CANDU 750B,1978-01-01,1984-09-14,,822.0,2015-05-24T04:50:24+03:00,WNA/IAEA,39.0
159,Cruas-3,France,Operational,PWR,CP2,1979-04-15,1984-09-10,,880.0,2015-05-24T04:50:59+03:00,WNA/IAEA,200.0
143,Chinon-B2,France,Operational,PWR,CP2,1977-03-01,1984-08-01,,870.0,2015-05-24T04:50:59+03:00,WNA/IAEA,197.0
447,Maanshan-1,Taiwan,Operational,PWR,WH 3LP (WE 312),1978-08-21,1984-07-27,,936.0,2021-04-20T02:47:37+03:00,WNA/IAEA,558.0
382,Koeberg-1,South Africa,Operational,PWR,CP1,1976-07-01,1984-07-21,,921.0,2015-05-24T04:51:50+03:00,WNA/IAEA,836.0
271,Gundremmingen-B,Germany,Shutdown,BWR,BWR-72,1976-07-20,1984-07-19,2017-12-31,1244.0,2018-03-10T14:51:13+02:00,WNA/IAEA,100.0
603,Sendai-1,Japan,Operational,PWR,M (3-loop),1979-12-15,1984-07-04,,846.0,2015-05-24T04:51:28+03:00,WNA/IAEA,353.0
11,Almaraz-2,Spain,Operational,PWR,WH 3LP,1973-07-03,1984-07-01,,900.0,2019-06-02T20:17:55+03:00,WNA/IAEA,154.0
507,Onagawa-1,Japan,Shutdown,BWR,BWR-4,1980-07-08,1984-06-01,2018-12-21,498.0,2021-02-14T03:47:53+02:00,WNA/IAEA,347.0
157,Cruas-1,France,Operational,PWR,CP2,1978-08-01,1984-04-02,,880.0,2015-05-24T04:50:59+03:00,WNA/IAEA,198.0
593,San Onofre-3,United States,Shutdown,PWR,CE (2-loop) DRYAMB,1974-03-01,1984-04-01,2013-06-07,1070.0,2015-05-24T04:54:11+03:00,WNA/IAEA,684.0
414,Kursk-3,Russia,Operational,LWGR,RBMK-1000,1978-04-01,1984-03-30,,925.0,2015-05-24T04:51:35+03:00,WNA/IAEA,497.0
399,Kruemmel,Germany,Shutdown,BWR,BWR-69,1974-04-05,1984-03-28,2011-08-06,1260.0,2015-05-24T04:50:44+03:00,WNA/IAEA,94.0
136,Chernobyl-4,Ukraine,Shutdown,LWGR,RBMK,1979-04-01,1984-03-26,1986-04-26,925.0,2015-05-24T04:51:40+03:00,WNA/IAEA,576.0
451,McGuire-2,United States,Operational,PWR,WH 4LP (ICECND),1971-04-01,1984-03-01,,1180.0,2017-02-10T23:58:55+02:00,WNA/IAEA,691.0
232,Fukushima Daini-2,Japan,Shutdown,BWR,BWR-5,1979-05-25,1984-02-03,2019-09-30,1067.0,2020-04-18T04:46:52+03:00,WNA/IAEA,351.0
142,Chinon-B1,France,Operational,PWR,CP2,1977-03-01,1984-02-01,,870.0,2015-05-24T04:50:58+03:00,WNA/IAEA,196.0
544,Pickering-6,Canada,Operational,PHWR,CANDU 500B,1975-10-01,1984-02-01,,516.0,2015-05-24T04:50:22+03:00,WNA/IAEA,34.0
363,Kalpakkam-1 (Madras-1 / MAPS1),India,Suspended Operation,PHWR,Horizontal Pressure Tube type,1971-01-01,1984-01-27,,202.0,2023-08-28T08:01:45+03:00,WNA/IAEA,304.0
202,Embalse,Argentina,Operational,PHWR,CANDU 6,1974-04-01,1984-01-20,,608.0,2020-04-18T04:46:52+03:00,WNA/IAEA,4.0
658,Summer-1,United States,Operational,PWR,WH 3LP (DRYAMB),1973-03-21,1984-01-01,,900.0,2017-02-10T23:58:58+02:00,WNA/IAEA,701.0
419,LaSalle-1,United States,Operational,BWR,BWR-5 (Mark 2),1973-09-10,1984-01-01,,1078.0,2015-05-24T04:51:48+03:00,WNA/IAEA,692.0
646,South Ukraine-1,Ukraine,Operational,PWR,VVER V-302,1976-08-01,1983-12-02,,950.0,2015-05-24T04:51:40+03:00,WNA/IAEA,577.0
578,Ringhals-4,Sweden,Operational,PWR,WH 3LP,1973-11-01,1983-11-21,,1130.0,2021-04-20T02:47:37+03:00,WNA/IAEA,529.0
63,Blayais-3,France,Operational,PWR,CP1,1978-04-01,1983-11-14,,910.0,2015-05-24T04:50:54+03:00,WNA/IAEA,189.0
64,Blayais-4,France,Operational,PWR,CP1,1978-04-01,1983-10-01,,910.0,2015-05-24T04:50:54+03:00,WNA/IAEA,190.0
250,Gentilly-2,Canada,Shutdown,PHWR,CANDU 6,1974-04-01,1983-10-01,2012-12-28,645.0,2015-05-24T04:50:21+03:00,WNA/IAEA,32.0
641,Smolensk-1,Russia,Operational,LWGR,RBMK-1000,1975-10-01,1983-09-30,,925.0,2015-05-24T04:51:34+03:00,WNA/IAEA,486.0
10,Almaraz-1,Spain,Operational,PWR,WH 3LP,1973-07-03,1983-09-01,,900.0,2017-02-10T23:56:15+02:00,WNA/IAEA,153.0
514,Paks-1,Hungary,Operational,PWR,VVER V-213,1974-08-01,1983-08-10,,408.0,2015-05-24T04:51:21+03:00,WNA/IAEA,278.0
656,St. Lucie-2,United States,Operational,PWR,CE 2LP (DRYAMB),1977-06-02,1983-08-08,,830.0,2017-02-10T23:58:56+02:00,WNA/IAEA,698.0
592,San Onofre-2,United States,Shutdown,PWR,CE (2-loop) DRYAMB,1974-03-01,1983-08-08,2013-06-07,1070.0,2015-05-24T04:54:11+03:00,WNA/IAEA,683.0
654,St. Laurent-B2,France,Operational,PWR,CP2,1976-07-01,1983-08-01,,880.0,2015-05-24T04:50:53+03:00,WNA/IAEA,177.0
653,St. Laurent-B1,France,Operational,PWR,CP2,1976-05-01,1983-08-01,,915.0,2015-05-24T04:50:51+03:00,WNA/IAEA,169.0
389,Kori-2,South Korea,Operational,PWR,WH F,1977-12-23,1983-07-25,,618.0,2022-04-21T20:26:19+03:00,WNA/IAEA,405.0
664,Susquehanna-1,United States,Operational,BWR,BWR-4 (Mark 2),1973-11-02,1983-06-08,,1065.0,2015-05-24T04:51:48+03:00,WNA/IAEA,696.0
692,Tihange-2,Belgium,Shutdown,PWR,WH 3LP,1976-04-01,1983-06-01,2023-02-01,900.0,2023-08-28T08:01:45+03:00,WNA/IAEA,13.0
543,Pickering-5,Canada,Operational,PHWR,CANDU 500B,1974-11-01,1983-05-10,,516.0,2015-05-24T04:50:22+03:00,WNA/IAEA,33.0
731,Wolsong-1,South Korea,Shutdown,PHWR,CANDU 6,1977-10-30,1983-04-22,2019-12-24,629.0,2020-04-18T04:46:52+03:00,WNA/IAEA,407.0
411,Kuosheng-2,Taiwan,Shutdown,BWR,BWR-6,1976-03-15,1983-03-16,2023-03-15,948.0,2023-08-28T08:01:45+03:00,WNA/IAEA,557.0
551,Point Lepreau,Canada,Operational,PHWR,CANDU 6,1975-05-01,1983-02-01,,660.0,2015-05-24T04:50:23+03:00,WNA/IAEA,37.0
62,Blayais-2,France,Operational,PWR,CP1,1977-01-01,1983-02-01,,910.0,2015-05-24T04:50:54+03:00,WNA/IAEA,188.0
398,Krsko,Slovenia,Operational,PWR,WH 2LP,1975-03-30,1983-01-01,,632.0,2017-02-10T23:57:25+02:00,WNA/IAEA,542.0
386,Kola-3,Russia,Operational,PWR,VVER V-213,1977-04-01,1982-12-03,,411.0,2015-05-24T04:51:34+03:00,WNA/IAEA,491.0
180,Doel-3,Belgium,Shutdown,PWR,WH 3LP,1975-01-01,1982-10-01,2022-09-23,890.0,2022-12-30T00:57:40+02:00,WNA/IAEA,12.0
586,Rivne-2,Ukraine,Operational,PWR,VVER V-213,1973-10-01,1982-07-29,,384.0,2023-08-28T08:51:40+03:00,WNA/IAEA,571.0
504,Olkiluoto-2,Finland,Operational,BWR,"AA-III, BWR-2500",1975-11-01,1982-07-10,,660.0,2018-03-10T14:51:33+02:00,WNA/IAEA,160.0
395,Kozloduy-4,Bulgaria,Shutdown,PWR,VVER V-230,1973-10-01,1982-06-20,2006-12-31,408.0,2015-05-24T04:50:17+03:00,WNA/IAEA,19.0
255,Grafenrheinfeld,Germany,Shutdown,PWR,PWR,1975-01-01,1982-06-17,2015-06-27,1225.0,2015-08-23T03:28:22+03:00,WNA/IAEA,97.0
135,Chernobyl-3,Ukraine,Shutdown,LWGR,RBMK,1976-03-01,1982-06-08,2000-12-15,925.0,2015-05-24T04:51:40+03:00,WNA/IAEA,575.0
607,Sequoyah-2,United States,Operational,PWR,WH 4LP (ICECND),1970-05-27,1982-06-01,,1148.0,2017-02-10T23:58:43+02:00,WNA/IAEA,664.0
231,Fukushima Daini-1,Japan,Shutdown,BWR,BWR-5,1976-03-16,1982-04-20,2019-09-30,1067.0,2020-04-18T04:46:52+03:00,WNA/IAEA,350.0
334,Ikata-2,Japan,Shutdown,PWR,M (2-loop),1978-08-01,1982-03-19,2018-05-23,538.0,2019-06-02T20:18:50+03:00,WNA/IAEA,358.0
410,Kuosheng-1,Taiwan,Shutdown,BWR,BWR-6,1975-11-19,1981-12-28,2021-12-28,948.0,2022-04-21T20:26:19+03:00,WNA/IAEA,556.0
110,Caorso,Italy,Shutdown,BWR,BWR-4 (Mark 2),1970-01-01,1981-12-01,1990-07-01,840.0,2015-05-24T04:51:26+03:00,WNA/IAEA,327.0
61,Blayais-1,France,Operational,PWR,CP1,1977-01-01,1981-12-01,,910.0,2015-05-24T04:50:53+03:00,WNA/IAEA,187.0
450,McGuire-1,United States,Operational,PWR,WH 4LP (ICECND),1971-04-01,1981-12-01,,1180.0,2017-02-10T23:58:55+02:00,WNA/IAEA,690.0
165,Dampierre-4,France,Operational,PWR,CP1,1975-12-01,1981-11-20,,890.0,2015-05-24T04:50:53+03:00,WNA/IAEA,186.0
47,Beloyarsk-3,Russia,Operational,FBR,BN-600,1969-01-01,1981-11-01,,560.0,2015-05-24T04:51:34+03:00,WNA/IAEA,484.0
706,Tricastin-4,France,Operational,PWR,CP1,1975-05-01,1981-11-01,,915.0,2015-05-24T04:50:53+03:00,WNA/IAEA,180.0
590,Salem-2,United States,Operational,PWR,WH 4LP (DRYAMB),1968-09-25,1981-10-13,,1115.0,2017-02-10T23:58:29+02:00,WNA/IAEA,650.0
260,Gravelines-4,France,Operational,PWR,CP1,1976-04-01,1981-10-01,,910.0,2015-05-24T04:50:53+03:00,WNA/IAEA,182.0
585,Rivne-1,Ukraine,Operational,PWR,VVER V-213,1973-08-01,1981-09-22,,361.0,2023-08-28T08:51:40+03:00,WNA/IAEA,570.0
577,Ringhals-3,Sweden,Operational,PWR,WH 3LP,1972-09-01,1981-09-09,,915.0,2023-08-28T08:01:45+03:00,WNA/IAEA,539.0
430,Leningrad-4,Russia,Operational,LWGR,RBMK-1000,1975-02-01,1981-08-29,,925.0,2015-05-24T04:51:34+03:00,WNA/IAEA,494.0
212,Farley-2,United States,Operational,PWR,WH 3LP (DRYAMB),1970-10-01,1981-07-30,,829.0,2017-02-10T23:58:53+02:00,WNA/IAEA,686.0
220,Forsmark-2,Sweden,Operational,BWR,"AA-III, BWR-2500",1975-01-01,1981-07-07,,900.0,2018-03-10T14:51:47+02:00,WNA/IAEA,530.0
606,Sequoyah-1,United States,Operational,PWR,WH 4LP (ICECND),1970-05-27,1981-07-01,,1148.0,2017-02-10T23:58:40+02:00,WNA/IAEA,663.0
259,Gravelines-3,France,Operational,PWR,CP1,1975-12-01,1981-06-01,,910.0,2015-05-24T04:50:53+03:00,WNA/IAEA,181.0
164,Dampierre-3,France,Operational,PWR,CP1,1975-09-01,1981-05-27,,890.0,2015-05-24T04:50:53+03:00,WNA/IAEA,185.0
705,Tricastin-3,France,Operational,PWR,CP1,1975-04-01,1981-05-11,,915.0,2015-05-24T04:50:53+03:00,WNA/IAEA,179.0
566,Rajasthan-2,India,Operational,PHWR,Horizontal Pressure Tube type,1968-04-01,1981-04-01,,207.0,2015-05-24T04:54:06+03:00,WNA/IAEA,303.0
246,Genkai-2,Japan,Shutdown,PWR,M (2-loop),1977-02-01,1981-03-30,2019-04-09,529.0,2019-11-22,WNA/IAEA,352.0
491,Novovoronezh-5,Russia,Operational,PWR,VVER V-187,1974-03-01,1981-02-20,,950.0,2015-05-24T04:51:34+03:00,WNA/IAEA,483.0
163,Dampierre-2,France,Operational,PWR,CP1,1975-04-01,1981-02-16,,890.0,2015-05-24T04:50:53+03:00,WNA/IAEA,183.0
394,Kozloduy-3,Bulgaria,Shutdown,PWR,VVER V-230,1973-10-01,1981-01-20,2006-12-31,408.0,2015-05-24T04:50:17+03:00,WNA/IAEA,18.0
443,Loviisa-2,Finland,Operational,PWR,VVER V-213,1972-08-01,1981-01-05,,420.0,2015-05-24T04:50:50+03:00,WNA/IAEA,158.0
66,Bohunice-2,Slovakia,Shutdown,PWR,VVER V-230,1972-04-24,1981-01-01,2008-12-31,408.0,2015-05-24T04:51:38+03:00,WNA/IAEA,549.0
484,North Anna-2,United States,Operational,PWR,WH 3LP (DRYSUB),1971-02-19,1980-12-14,,907.0,2017-02-10T23:58:50+02:00,WNA/IAEA,673.0
219,Forsmark-1,Sweden,Operational,BWR,"AA-III, BWR-2500",1973-06-01,1980-12-10,,900.0,2018-03-10T14:52:03+02:00,WNA/IAEA,541.0
704,Tricastin-2,France,Operational,PWR,CP1,1974-12-01,1980-12-01,,915.0,2015-05-24T04:50:51+03:00,WNA/IAEA,171.0
258,Gravelines-2,France,Operational,PWR,CP1,1975-03-01,1980-12-01,,910.0,2015-05-24T04:50:52+03:00,WNA/IAEA,175.0
703,Tricastin-1,France,Operational,PWR,CP1,1974-11-01,1980-12-01,,915.0,2015-05-24T04:50:51+03:00,WNA/IAEA,170.0
257,Gravelines-1,France,Operational,PWR,CP1,1975-02-01,1980-11-25,,910.0,2015-05-24T04:50:52+03:00,WNA/IAEA,174.0
162,Dampierre-1,France,Operational,PWR,CP1,1975-02-01,1980-09-10,,890.0,2015-05-24T04:50:53+03:00,WNA/IAEA,176.0
429,Leningrad-3,Russia,Operational,LWGR,RBMK-1000,1973-12-01,1980-06-29,,925.0,2015-05-24T04:51:34+03:00,WNA/IAEA,493.0
19,Armenian-2,Armenia,Operational,PWR,VVER V-270,1975-07-01,1980-05-03,,375.0,2021-06-29T00:12:17+03:00,WNA/IAEA,2.0
65,Bohunice-1,Slovakia,Shutdown,PWR,VVER V-230,1972-04-24,1980-04-01,2006-12-31,408.0,2015-05-24T04:51:38+03:00,WNA/IAEA,548.0
17,Arkansas Nuclear One-2 (ANO-2),United States,Operational,PWR,CE 2LP (DRYAMB),1968-12-06,1980-03-26,,912.0,2017-02-10T23:58:53+02:00,WNA/IAEA,689.0
537,Philippsburg-1,Germany,Shutdown,BWR,BWR-69,1970-10-01,1980-03-26,2011-08-06,864.0,2015-05-24T04:50:42+03:00,WNA/IAEA,87.0
96,Bugey-5,France,Operational,PWR,CP0,1974-07-01,1980-01-03,,900.0,2015-05-24T04:50:51+03:00,WNA/IAEA,168.0
497,Ohi-2,Japan,Shutdown,PWR,WH 4LP,1972-12-08,1979-12-05,2018-03-01,1120.0,2019-06-02T20:19:18+03:00,WNA/IAEA,343.0
266,Greifswald-4,Germany,Shutdown,PWR,VVER V-230,1972-04-01,1979-11-01,1990-06-02,408.0,2022-09-24T22:33:57+03:00,WNA/IAEA,126.0
252,Goesgen,Switzerland,Operational,PWR,PWR 3 Loop,1973-12-01,1979-11-01,,920.0,2022-04-21T20:26:19+03:00,WNA/IAEA,58.0
230,Fukushima Daiichi-6,Japan,Shutdown,BWR,BWR-5,1973-10-26,1979-10-24,2013-12-17,1067.0,2019-06-30T12:52:14+03:00,WNA/IAEA,342.0
503,Olkiluoto-1,Finland,Operational,BWR,"AA-III, BWR-2500",1974-02-01,1979-10-10,,660.0,2018-03-10T14:51:29+02:00,WNA/IAEA,159.0
715,Unterweser,Germany,Shutdown,PWR,PWR,1972-07-01,1979-09-06,2011-08-06,1230.0,2015-05-24T04:50:42+03:00,WNA/IAEA,90.0
301,Hatch-2,United States,Operational,BWR,BWR-4 (Mark 1),1972-02-01,1979-09-05,,784.0,2015-05-24T04:51:47+03:00,WNA/IAEA,687.0
413,Kursk-2,Russia,Operational,LWGR,RBMK-1000,1973-01-01,1979-08-17,,925.0,2015-05-24T04:51:34+03:00,WNA/IAEA,485.0
138,Chin Shan-2,Taiwan,Shutdown,BWR,BWR-4 (Mark 1),1973-12-07,1979-07-15,2019-07-16,604.0,2019-11-22,WNA/IAEA,555.0
223,Fort St. Vrain,United States,Shutdown,HTGR,,1968-09-01,1979-07-01,1989-08-29,330.0,2015-05-24T04:51:42+03:00,WNA/IAEA,623.0
95,Bugey-4,France,Operational,PWR,CP0,1974-06-01,1979-07-01,,900.0,2015-05-24T04:50:51+03:00,WNA/IAEA,167.0
134,Chernobyl-2,Ukraine,Shutdown,LWGR,RBMK,1973-02-01,1979-05-28,1991-10-11,925.0,2015-05-24T04:51:39+03:00,WNA/IAEA,569.0
496,Ohi-1,Japan,Shutdown,PWR,WH 4LP,1972-10-26,1979-03-27,2018-03-01,1120.0,2019-06-02T20:19:15+03:00,WNA/IAEA,339.0
339,Isar-1,Germany,Shutdown,BWR,BWR-69,1972-05-01,1979-03-21,2011-08-06,870.0,2015-05-24T04:50:42+03:00,WNA/IAEA,89.0
224,Fugen ATR,Japan,Shutdown,HWLWR,ATR,1972-05-10,1979-03-20,2003-03-29,148.0,2015-05-24T04:51:28+03:00,WNA/IAEA,345.0
381,KNK-II,Germany,Shutdown,FBR,Prototype,1974-09-01,1979-03-03,1991-08-23,18.0,2015-05-24T04:50:48+03:00,WNA/IAEA,135.0
93,Bugey-2,France,Operational,PWR,CP0,1972-11-01,1979-03-01,,920.0,2015-05-24T04:50:51+03:00,WNA/IAEA,165.0
94,Bugey-3,France,Operational,PWR,CP0,1973-09-01,1979-03-01,,920.0,2015-05-24T04:50:51+03:00,WNA/IAEA,166.0
84,Bruce-4,Canada,Operational,PHWR,CANDU 750A,1972-09-01,1979-01-18,,750.0,2022-04-21T20:26:19+03:00,WNA/IAEA,31.0
683,Three Mile Island-2,United States,Shutdown,PWR,PWR,1969-11-01,1978-12-30,1979-03-28,906.0,2022-04-21T20:26:19+03:00,WNA/IAEA,657.0
137,Chin Shan-1,Taiwan,Shutdown,BWR,BWR-4 (Mark 1),1972-06-02,1978-12-10,2018-12-06,604.0,2019-06-02T20:18:27+03:00,WNA/IAEA,554.0
281,Hamaoka-2,Japan,Shutdown,BWR,BWR-4,1974-06-14,1978-11-29,2009-01-30,814.0,2015-05-24T04:51:28+03:00,WNA/IAEA,349.0
695,Tokai-2,Japan,Suspended Operation,BWR,BWR-5,1973-10-03,1978-11-28,,1056.0,2023-08-28T08:01:45+03:00,WNA/IAEA,346.0
228,Fukushima Daiichi-4,Japan,Shutdown,BWR,BWR-4,1973-02-12,1978-10-12,2011-05-19,760.0,2019-06-30T12:49:48+03:00,WNA/IAEA,340.0
312,Hinkley Point-B1,United Kingdom,Shutdown,GCR,AGR,1967-09-01,1978-10-02,2022-08-01,625.0,2022-09-24T22:33:57+03:00,WNA/IAEA,244.0
173,Davis Besse-1,United States,Operational,PWR,B&W RLP (DRYAMB),1970-09-01,1978-07-31,,906.0,2017-02-10T23:58:51+02:00,WNA/IAEA,676.0
183,Donald Cook-2,United States,Operational,PWR,WH 4LP (ICECDN),1969-03-25,1978-07-01,,1100.0,2017-02-10T23:58:33+02:00,WNA/IAEA,654.0
483,North Anna-1,United States,Operational,PWR,WH 3LP (DRYSUB),1971-02-19,1978-06-06,,907.0,2017-02-10T23:58:49+02:00,WNA/IAEA,672.0
133,Chernobyl-1,Ukraine,Shutdown,LWGR,RBMK,1970-03-01,1978-05-27,1996-11-30,925.0,2015-05-24T04:51:39+03:00,WNA/IAEA,568.0
265,Greifswald-3,Germany,Shutdown,PWR,VVER V-230,1972-04-01,1978-05-01,1990-02-28,408.0,2015-05-24T04:50:47+03:00,WNA/IAEA,125.0
388,Kori-1,South Korea,Shutdown,PWR,WH 60,1972-08-01,1978-04-29,2017-06-18,558.0,2017-09-25T03:19:42+03:00,WNA/IAEA,394.0
229,Fukushima Daiichi-5,Japan,Shutdown,BWR,BWR-4,1972-05-22,1978-04-18,2013-12-17,760.0,2019-06-30T12:49:49+03:00,WNA/IAEA,341.0
214,Fessenheim-2,France,Shutdown,PWR,CP0,1972-02-01,1978-04-01,2020-06-30,880.0,2020-08-31T01:39:56+03:00,WNA/IAEA,164.0
83,Bruce-3,Canada,Operational,PHWR,CANDU 750A,1972-07-01,1978-02-01,,750.0,2022-04-21T20:26:19+03:00,WNA/IAEA,30.0
213,Fessenheim-1,France,Shutdown,PWR,CP0,1971-09-01,1978-01-01,2020-02-22,880.0,2020-04-18T04:46:52+03:00,WNA/IAEA,163.0
211,Farley-1,United States,Operational,PWR,WH 3LP (DRYAMB),1970-10-01,1977-12-01,,829.0,2017-02-10T23:58:52+02:00,WNA/IAEA,677.0
412,Kursk-1,Russia,Shutdown,LWGR,RBMK-1000,1972-06-01,1977-10-12,2021-12-19,925.0,2022-09-24T22:33:57+03:00,WNA/IAEA,476.0
18,Armenian-1,Armenia,Shutdown,PWR,VVER V-270,1969-07-01,1977-10-06,1989-02-25,376.0,2021-06-07,WNA/IAEA,1.0
333,Ikata-1,Japan,Shutdown,PWR,M (2-loop),1973-09-01,1977-09-30,2016-05-10,538.0,2017-02-10T23:56:25+02:00,WNA/IAEA,348.0
81,Bruce-1,Canada,Operational,PHWR,CANDU 791,1971-06-01,1977-09-01,,732.0,2022-04-21T20:26:19+03:00,WNA/IAEA,53.0
82,Bruce-2,Canada,Operational,PHWR,CANDU 791,1970-12-01,1977-09-01,,732.0,2022-04-21T20:26:19+03:00,WNA/IAEA,54.0
36,Barseback-2,Sweden,Shutdown,BWR,AA-II,1973-01-01,1977-07-01,2005-05-31,570.0,2018-03-10T14:52:02+02:00,WNA/IAEA,540.0
589,Salem-1,United States,Operational,PWR,WH 4LP (DRYAMB),1968-09-25,1977-06-30,,1090.0,2017-02-10T23:58:08+02:00,WNA/IAEA,627.0
442,Loviisa-1,Finland,Operational,PWR,VVER V-213,1971-05-01,1977-05-09,,420.0,2015-05-24T04:50:50+03:00,WNA/IAEA,157.0
329,Hunterston-B2,United Kingdom,Shutdown,GCR,AGR,1967-11-01,1977-04-01,2022-01-07,624.0,2022-04-21T20:26:19+03:00,WNA/IAEA,247.0
109,Calvert Cliffs-2,United States,Operational,PWR,CE 2LP (DRYAMB),1968-06-01,1977-04-01,,845.0,2017-02-10T23:58:36+02:00,WNA/IAEA,656.0
90,Brunswick-1,United States,Operational,BWR,BWR-4 (Mark 1),1970-02-07,1977-03-18,,821.0,2015-05-24T04:51:46+03:00,WNA/IAEA,662.0
161,Crystal River-3,United States,Shutdown,PWR,B&W LLP (DRYAMB),1968-09-25,1977-03-13,2013-02-05,825.0,2017-02-10T23:58:22+02:00,WNA/IAEA,645.0
80,Browns Ferry-3,United States,Operational,BWR,BWR-4 (Mark 1),1968-07-01,1977-03-01,,1065.0,2015-05-24T04:51:43+03:00,WNA/IAEA,641.0
89,Brunsbuettel,Germany,Shutdown,BWR,BWR-69,1970-04-15,1977-02-09,2011-08-06,770.0,2015-05-24T04:50:42+03:00,WNA/IAEA,86.0
55,Biblis-B,Germany,Shutdown,PWR,PWR,1972-02-01,1977-01-31,2011-08-06,1178.0,2015-05-24T04:50:42+03:00,WNA/IAEA,91.0
60,Bilibino-4,Russia,Operational,LWGR,EGP-6,1970-01-01,1977-01-01,,11.0,2015-05-24T04:51:33+03:00,WNA/IAEA,470.0
655,St. Lucie-1,United States,Operational,PWR,CE 2LP (DRYAMB),1970-07-01,1976-12-21,,830.0,2017-02-10T23:58:47+02:00,WNA/IAEA,670.0
454,Mihama-3,Japan,Operational,PWR,M (3-loop),1972-08-07,1976-12-01,,780.0,2015-05-24T04:51:27+03:00,WNA/IAEA,338.0
468,Neckarwestheim-1,Germany,Shutdown,PWR,PWR,1972-02-01,1976-12-01,2011-08-06,805.0,2015-05-24T04:50:42+03:00,WNA/IAEA,88.0
37,Beaver Valley-1,United States,Operational,PWR,WH 3LP (DRYSUB),1970-06-26,1976-10-01,,835.0,2017-02-10T23:58:44+02:00,WNA/IAEA,669.0
313,Hinkley Point-B2,United Kingdom,Shutdown,GCR,AGR,1967-09-01,1976-09-27,2022-07-06,625.0,2022-09-24T22:33:57+03:00,WNA/IAEA,245.0
338,Indian Point-3,United States,Shutdown,PWR,WH 4LP (DRYAMB),1968-10-30,1976-08-28,2021-04-28,965.0,2022-04-21T20:26:19+03:00,WNA/IAEA,635.0
186,Dounreay PFR,United Kingdom,Shutdown,FBR,,1966-01-01,1976-07-01,1994-03-31,234.0,2015-05-24T04:51:14+03:00,WNA/IAEA,243.0
708,Trojan,United States,Shutdown,PWR,,1970-02-01,1976-05-20,1992-11-09,1130.0,2015-05-24T04:51:47+03:00,WNA/IAEA,675.0
227,Fukushima Daiichi-3,Japan,Shutdown,BWR,BWR-4,1970-12-28,1976-03-27,2011-05-19,760.0,2019-06-30T12:49:48+03:00,WNA/IAEA,334.0
280,Hamaoka-1,Japan,Shutdown,BWR,BWR-4,1971-06-10,1976-03-17,2009-01-30,516.0,2015-05-24T04:51:27+03:00,WNA/IAEA,335.0
428,Leningrad-2,Russia,Shutdown,LWGR,RBMK-1000,1970-06-01,1976-02-11,2020-11-10,925.0,2021-01-06T01:19:47+02:00,WNA/IAEA,475.0
328,Hunterston-B1,United Kingdom,Shutdown,GCR,AGR,1967-11-01,1976-02-07,2021-11-26,624.0,2022-01-05T00:04:08+02:00,WNA/IAEA,246.0
59,Bilibino-3,Russia,Operational,LWGR,EGP-6,1970-01-01,1976-02-01,,11.0,2015-05-24T04:51:32+03:00,WNA/IAEA,469.0
575,Ringhals-1,Sweden,Shutdown,BWR,AA-I,1969-02-01,1976-01-01,2020-12-31,881.0,2021-02-14T03:47:53+02:00,WNA/IAEA,536.0
300,Hatch-1,United States,Operational,BWR,BWR-4 (Mark 1),1968-09-30,1975-12-31,,777.0,2015-05-24T04:51:44+03:00,WNA/IAEA,658.0
456,Millstone-2,United States,Operational,PWR,CE 2LP (DRYAMB),1969-11-01,1975-12-26,,870.0,2017-02-10T23:58:48+02:00,WNA/IAEA,671.0
179,Doel-2,Belgium,Operational,PWR,WH 2LP,1971-09-01,1975-12-01,,445.0,2021-01-06T01:19:47+02:00,WNA/IAEA,11.0
669,Takahama-2,Japan,Suspended Operation,PWR,M (3-loop),1971-03-09,1975-11-14,,780.0,2023-08-28T08:01:45+03:00,WNA/IAEA,337.0
737,Wuergassen,Germany,Shutdown,BWR,,1968-01-26,1975-11-11,1994-08-26,640.0,2015-05-24T04:50:48+03:00,WNA/IAEA,136.0
393,Kozloduy-2,Bulgaria,Shutdown,PWR,VVER V-230,1970-04-01,1975-11-10,2002-12-31,408.0,2015-05-24T04:50:16+03:00,WNA/IAEA,17.0
91,Brunswick-2,United States,Operational,BWR,BWR-4 (Mark 1),1970-02-07,1975-11-03,,821.0,2015-05-24T04:51:46+03:00,WNA/IAEA,661.0
245,Genkai-1,Japan,Shutdown,PWR,M (2-loop),1971-09-15,1975-10-15,2015-04-27,529.0,2015-05-24T04:51:27+03:00,WNA/IAEA,336.0
691,Tihange-1,Belgium,Operational,PWR,Framatome 3 loops reactor,1970-06-01,1975-10-01,,870.0,2015-05-24T04:54:04+03:00,WNA/IAEA,10.0
182,Donald Cook-1,United States,Operational,PWR,WH 4LP (ICECDN),1969-03-25,1975-08-28,,1030.0,2017-02-10T23:58:31+02:00,WNA/IAEA,653.0
215,FitzPatrick,United States,Operational,BWR,BWR-4 (Mark 1),1968-09-01,1975-07-28,,821.0,2015-05-24T04:51:47+03:00,WNA/IAEA,668.0
35,Barseback-1,Sweden,Shutdown,BWR,AA-II,1971-02-01,1975-07-01,1999-11-30,570.0,2018-03-10T14:52:00+02:00,WNA/IAEA,538.0
108,Calvert Cliffs-1,United States,Operational,PWR,CE 2LP (DRYAMB),1968-06-01,1975-05-08,,845.0,2017-02-10T23:58:35+02:00,WNA/IAEA,655.0
576,Ringhals-2,Sweden,Shutdown,PWR,WH 3LP,1970-10-01,1975-05-01,2019-12-31,820.0,2020-04-18T04:46:52+03:00,WNA/IAEA,537.0
573,Rancho Seco-1,United States,Shutdown,PWR,PWR,1969-04-01,1975-04-17,1989-06-07,918.0,2022-04-21T20:26:19+03:00,WNA/IAEA,651.0
264,Greifswald-2,Germany,Shutdown,PWR,VVER V-230,1970-03-01,1975-04-16,1990-02-14,408.0,2015-05-24T04:50:47+03:00,WNA/IAEA,124.0
79,Browns Ferry-2,United States,Operational,BWR,BWR-4 (Mark 1),1967-05-01,1975-03-01,,1065.0,2015-05-24T04:51:42+03:00,WNA/IAEA,618.0
54,Biblis-A,Germany,Shutdown,PWR,PWR,1970-01-01,1975-02-26,2011-08-06,1146.0,2015-05-24T04:50:42+03:00,WNA/IAEA,85.0
385,Kola-2,Russia,Operational,PWR,VVER V-230,1970-05-01,1975-02-21,,411.0,2015-05-24T04:51:32+03:00,WNA/IAEA,460.0
178,Doel-1,Belgium,Operational,PWR,WH 2LP,1969-07-01,1975-02-15,,392.0,2017-02-10T23:55:14+02:00,WNA/IAEA,9.0
190,Duane Arnold-1,United States,Shutdown,BWR,BWR-4 (Mark 1),1970-06-22,1975-02-01,2020-10-12,601.0,2021-01-06T01:19:47+02:00,WNA/IAEA,667.0
58,Bilibino-2,Russia,Operational,LWGR,EGP-6,1970-01-01,1975-02-01,,11.0,2015-05-24T04:51:32+03:00,WNA/IAEA,468.0
511,Oskarshamn-2,Sweden,Shutdown,BWR,AA-II,1969-09-01,1975-01-01,2016-12-22,580.0,2018-03-10T14:51:56+02:00,WNA/IAEA,535.0
529,Peach Bottom-3,United States,Operational,BWR,BWR-4 (Mark 1),1968-01-31,1974-12-23,,1065.0,2015-05-24T04:51:42+03:00,WNA/IAEA,630.0
554,Prairie Island-2,United States,Operational,PWR,WH 2LP (DRYAMB),1969-06-25,1974-12-21,,530.0,2017-02-10T23:58:28+02:00,WNA/IAEA,648.0
78,Browns Ferry-1,United States,Operational,BWR,BWR-4 (Mark 1),1967-05-01,1974-12-20,,1065.0,2022-04-21T20:26:19+03:00,WNA/IAEA,617.0
16,Arkansas Nuclear One-1 (ANO-1),United States,Operational,PWR,B&W LLP (DRYAMB),1968-10-01,1974-12-19,,850.0,2017-02-10T23:58:30+02:00,WNA/IAEA,652.0
495,Oconee-3,United States,Operational,PWR,B&W LLP (DRYAMB),1967-11-06,1974-12-16,,887.0,2017-02-10T23:58:18+02:00,WNA/IAEA,636.0
668,Takahama-1,Japan,Suspended Operation,PWR,M (3-loop),1970-04-25,1974-11-14,,780.0,2023-08-28T08:01:45+03:00,WNA/IAEA,388.0
427,Leningrad-1,Russia,Shutdown,LWGR,RBMK-1000,1970-03-01,1974-11-01,2018-12-22,925.0,2019-06-02T20:19:08+03:00,WNA/IAEA,474.0
392,Kozloduy-1,Bulgaria,Shutdown,PWR,VVER V-230,1970-04-01,1974-10-28,2002-12-31,408.0,2015-05-24T04:50:16+03:00,WNA/IAEA,16.0
763,Zion-2,United States,Shutdown,PWR,WH 4LP,1968-12-01,1974-09-17,1998-02-13,1040.0,2017-02-10T23:58:24+02:00,WNA/IAEA,646.0
494,Oconee-2,United States,Operational,PWR,B&W LLP (DRYAMB),1967-11-06,1974-09-09,,887.0,2017-02-10T23:58:08+02:00,WNA/IAEA,625.0
682,Three Mile Island-1,United States,Shutdown,PWR,B&W LLP (DRYAMB),1968-05-18,1974-09-02,2019-09-20,819.0,2019-11-22,WNA/IAEA,637.0
337,Indian Point-2,United States,Shutdown,PWR,WH 4LP (DRYAMB),1966-10-14,1974-08-01,2020-04-30,873.0,2020-06-06T02:15:57+03:00,WNA/IAEA,611.0
226,Fukushima Daiichi-2,Japan,Shutdown,BWR,BWR-4,1969-06-09,1974-07-18,2011-05-19,760.0,2019-06-30T12:49:43+03:00,WNA/IAEA,389.0
536,Phenix,France,Shutdown,FBR,PH-250,1968-11-01,1974-07-14,2010-02-01,233.0,2015-05-24T04:50:50+03:00,WNA/IAEA,162.0
263,Greifswald-1,Germany,Shutdown,PWR,VVER V-230,1970-03-01,1974-07-12,1990-12-18,440.0,2022-09-24T22:33:57+03:00,WNA/IAEA,123.0
528,Peach Bottom-2,United States,Operational,BWR,BWR-4 (Mark 1),1968-01-31,1974-07-05,,1065.0,2015-05-24T04:51:42+03:00,WNA/IAEA,629.0
156,Cooper,United States,Operational,BWR,BWR-4 (Mark 1),1968-06-01,1974-07-01,,778.0,2015-05-24T04:51:43+03:00,WNA/IAEA,642.0
23,Atucha-1,Argentina,Operational,PHWR,PHWR KWU,1968-06-01,1974-06-24,,319.0,2022-04-21T20:26:19+03:00,WNA/IAEA,3.0
376,Kewaunee,United States,Shutdown,PWR,WH 2LP (DRYAMB),1968-08-06,1974-06-16,2013-05-07,535.0,2017-02-10T23:58:26+02:00,WNA/IAEA,647.0
57,Bilibino-1,Russia,Shutdown,LWGR,EGP-6,1970-01-01,1974-04-01,2019-01-14,11.0,2019-06-02T20:18:07+03:00,WNA/IAEA,467.0
617,Shimane-1,Japan,Shutdown,BWR,BWR-3,1970-07-02,1974-03-29,2015-04-30,439.0,2015-05-24T04:51:30+03:00,WNA/IAEA,387.0
762,Zion-1,United States,Shutdown,PWR,WH 4LP,1968-12-01,1973-12-31,1998-02-13,1040.0,2017-02-10T23:58:20+02:00,WNA/IAEA,640.0
384,Kola-1,Russia,Operational,PWR,VVER V-230,1970-05-01,1973-12-28,,411.0,2015-05-24T04:51:32+03:00,WNA/IAEA,453.0
553,Prairie Island-1,United States,Operational,PWR,WH 2LP (DRYAMB),1968-06-25,1973-12-16,,530.0,2017-02-10T23:58:12+02:00,WNA/IAEA,633.0
565,Rajasthan-1,India,Suspended Operation,PHWR,Horizontal Pressure Tube type,1965-08-01,1973-12-16,,207.0,2022-09-24T22:33:57+03:00,WNA/IAEA,302.0
71,Borssele,Netherlands,Operational,PWR,KWU 2LP,1969-07-01,1973-10-26,,495.0,2017-02-10T23:57:03+02:00,WNA/IAEA,423.0
222,Fort Calhoun-1,United States,Shutdown,PWR,CE 2LP,1968-06-07,1973-09-26,2016-10-24,478.0,2017-02-10T23:58:13+02:00,WNA/IAEA,634.0
714,Turkey Point-4,United States,Operational,PWR,WH 3LP (DRYAMB),1967-04-27,1973-09-07,,693.0,2017-02-10T23:57:58+02:00,WNA/IAEA,614.0
9,Aktau (Shevchenko),Kazakhstan,Shutdown,FBR,BN-350,1964-10-01,1973-07-16,1999-04-22,52.0,2021-10-01T00:14:53+03:00,WNA/IAEA,414.0
493,Oconee-1,United States,Operational,PWR,B&W LLP (DRYAMB),1967-11-06,1973-07-15,,887.0,2017-02-10T23:58:05+02:00,WNA/IAEA,624.0
542,Pickering-4,Canada,Operational,PHWR,CANDU 500A,1968-05-01,1973-06-17,,508.0,2015-05-24T04:50:37+03:00,WNA/IAEA,52.0
663,Surry-2,United States,Operational,PWR,WH 3LP (DRYSUB),1968-06-25,1973-05-01,,788.0,2017-02-10T23:58:11+02:00,WNA/IAEA,632.0
490,Novovoronezh-4,Russia,Operational,PWR,VVER V-179,1967-07-01,1973-03-24,,385.0,2015-05-24T04:51:32+03:00,WNA/IAEA,448.0
563,Quad Cities-2,United States,Operational,BWR,BWR-3 (Mark 1),1967-02-15,1973-03-10,,789.0,2015-05-24T04:51:42+03:00,WNA/IAEA,621.0
562,Quad Cities-1,United States,Operational,BWR,BWR-3 (Mark 1),1967-02-15,1973-02-18,,789.0,2015-05-24T04:51:41+03:00,WNA/IAEA,615.0
449,Maine Yankee,United States,Shutdown,PWR,,1968-10-01,1972-12-28,1997-08-01,825.0,2015-05-24T04:51:44+03:00,WNA/IAEA,649.0
69,Bohunice-A1,Slovakia,Shutdown,HWGCR,KS 150,1958-08-01,1972-12-25,1977-02-22,110.0,2015-05-24T04:51:38+03:00,WNA/IAEA,543.0
662,Surry-1,United States,Operational,PWR,WH 3LP (DRYSUB),1968-06-25,1972-12-22,,788.0,2017-02-10T23:58:10+02:00,WNA/IAEA,631.0
713,Turkey Point-3,United States,Operational,PWR,WH 3LP (DRYAMB),1967-04-27,1972-12-14,,693.0,2017-02-10T23:57:56+02:00,WNA/IAEA,613.0
367,KANUPP-1,Pakistan,Shutdown,PHWR,CANDU-137 MW,1966-08-01,1972-12-07,2021-08-01,125.0,2022-01-05T00:04:08+02:00,WNA/IAEA,427.0
547,Pilgrim-1,United States,Shutdown,BWR,BWR-3 (Mark 1),1968-08-26,1972-12-01,2019-05-31,655.0,2019-11-22,WNA/IAEA,639.0
718,Vermont Yankee,United States,Shutdown,BWR,BWR-4 (Mark 1),1967-12-11,1972-11-30,2014-12-29,514.0,2015-05-24T04:51:42+03:00,WNA/IAEA,626.0
464,Muehleberg,Switzerland,Shutdown,BWR,BWR-4,1967-03-01,1972-11-06,2019-12-20,306.0,2020-04-18T04:46:52+03:00,WNA/IAEA,56.0
550,Point Beach-2,United States,Operational,PWR,WH 2LP (DRYAMB),1968-07-25,1972-10-01,,497.0,2017-02-10T23:58:22+02:00,WNA/IAEA,644.0
716,Vandellos-1,Spain,Shutdown,GCR,,1968-06-21,1972-08-02,1990-07-31,480.0,2015-05-24T04:50:49+03:00,WNA/IAEA,150.0
453,Mihama-2,Japan,Shutdown,PWR,M (2-loop),1968-05-29,1972-07-25,2015-04-27,470.0,2015-05-24T04:51:30+03:00,WNA/IAEA,386.0
92,Bugey-1,France,Shutdown,GCR,UNGG,1965-12-01,1972-07-01,1994-05-27,540.0,2015-05-24T04:51:08+03:00,WNA/IAEA,230.0
489,Novovoronezh-3,Russia,Shutdown,PWR,VVER V-179,1967-07-01,1972-06-29,2016-12-25,385.0,2017-02-10T23:57:16+02:00,WNA/IAEA,519.0
541,Pickering-3,Canada,Shutdown,PHWR,CANDU 500A,1967-12-01,1972-06-01,2008-10-31,508.0,2015-05-24T04:50:36+03:00,WNA/IAEA,51.0
657,Stade,Germany,Shutdown,PWR,,1967-12-01,1972-05-19,2003-11-14,630.0,2015-05-24T04:50:42+03:00,WNA/IAEA,83.0
249,Gentilly-1 (Demo),Canada,Shutdown,HWLWR,HW BLWR 250,1966-09-01,1972-05-01,1977-06-01,250.0,2015-05-24T04:50:26+03:00,WNA/IAEA,47.0
53,Beznau-2,Switzerland,Operational,PWR,WH 2LP,1968-01-01,1972-03-04,,350.0,2023-08-28T08:01:45+03:00,WNA/IAEA,57.0
510,Oskarshamn-1,Sweden,Shutdown,BWR,AA-I,1966-08-01,1972-02-06,2017-06-19,440.0,2018-03-10T14:51:55+02:00,WNA/IAEA,534.0
741,Wylfa-2,United Kingdom,Shutdown,GCR,MAGNOX,1963-09-01,1972-01-03,2012-04-25,550.0,2015-05-24T04:51:13+03:00,WNA/IAEA,241.0
540,Pickering-2,Canada,Shutdown,PHWR,CANDU 500A,1966-09-01,1971-12-30,2007-05-28,508.0,2015-05-24T04:50:36+03:00,WNA/IAEA,50.0
189,Dresden-3,United States,Operational,BWR,BWR-3 (Mark 1),1966-10-14,1971-11-16,,794.0,2015-05-24T04:51:41+03:00,WNA/IAEA,612.0
652,St. Laurent-A2,France,Shutdown,GCR,UNGG,1966-01-01,1971-11-01,1992-05-27,515.0,2015-05-24T04:51:07+03:00,WNA/IAEA,229.0
740,Wylfa-1,United Kingdom,Shutdown,GCR,MAGNOX,1963-09-01,1971-11-01,2015-12-30,550.0,2016-03-09T18:43:09+02:00,WNA/IAEA,240.0
539,Pickering-1,Canada,Operational,PHWR,CANDU 500A,1966-06-01,1971-07-29,,508.0,2015-05-24T04:50:33+03:00,WNA/IAEA,49.0
463,Monticello,United States,Operational,BWR,BWR-3 (Mark 1),1967-06-19,1971-06-30,,545.0,2017-02-10T23:58:02+02:00,WNA/IAEA,620.0
600,Santa Maria de Garona,Spain,Shutdown,BWR,BWR-3,1966-09-01,1971-05-11,2017-08-02,440.0,2017-09-25T03:19:35+03:00,WNA/IAEA,149.0
225,Fukushima Daiichi-1,Japan,Shutdown,BWR,BWR-3,1967-07-25,1971-03-26,2011-05-19,439.0,2019-06-30T12:49:39+03:00,WNA/IAEA,377.0
273,H. B. Robinson-2,United States,Operational,PWR,WH 3LP (DRYAMB),1967-04-13,1971-03-07,,700.0,2017-02-10T23:58:01+02:00,WNA/IAEA,619.0
455,Millstone-1,United States,Shutdown,BWR,,1966-05-01,1971-03-01,1998-07-01,660.0,2015-05-24T04:51:41+03:00,WNA/IAEA,610.0
549,Point Beach-1,United States,Operational,PWR,WH 2LP (DRYAMB),1967-07-19,1970-12-21,,497.0,2017-02-10T23:58:03+02:00,WNA/IAEA,622.0
452,Mihama-1,Japan,Shutdown,PWR,WH 2LP,1967-02-01,1970-11-28,2015-04-27,320.0,2017-02-10T23:56:29+02:00,WNA/IAEA,366.0
564,R. E. Ginna,United States,Operational,PWR,WH 2LP (DRYAMB),1966-04-25,1970-07-01,,470.0,2017-02-10T23:57:51+02:00,WNA/IAEA,609.0
188,Dresden-2,United States,Operational,BWR,BWR-3 (Mark 1),1966-01-10,1970-06-09,,794.0,2015-05-24T04:51:41+03:00,WNA/IAEA,608.0
488,Novovoronezh-2,Russia,Shutdown,PWR,VVER V-365,1964-06-01,1970-04-14,1990-08-29,336.0,2018-07-01T01:21:53+03:00,WNA/IAEA,513.0
709,Tsuruga-1,Japan,Shutdown,BWR,BWR-2,1966-11-24,1970-03-14,2015-04-27,341.0,2015-05-24T04:51:28+03:00,WNA/IAEA,355.0
52,Beznau-1,Switzerland,Operational,PWR,WH 2LP,1965-09-01,1969-12-09,,350.0,2022-04-21T20:26:19+03:00,WNA/IAEA,55.0
46,Beloyarsk-2,Russia,Shutdown,LWGR,AMB-200,1962-01-01,1969-12-01,1990-01-01,146.0,2015-05-24T04:51:35+03:00,WNA/IAEA,503.0
513,Oyster Creek,United States,Shutdown,BWR,BWR-2 (Mark 1),1964-12-15,1969-12-01,2018-09-17,650.0,2018-10-13T22:30:27+03:00,WNA/IAEA,606.0
471,Nine Mile Point-1,United States,Operational,BWR,BWR-2 (Mark 1),1965-04-12,1969-12-01,,620.0,2015-05-24T04:51:41+03:00,WNA/IAEA,607.0
416,LaCrosse,United States,Shutdown,BWR,,1963-03-01,1969-11-07,1987-04-30,50.0,2015-05-24T04:51:48+03:00,WNA/IAEA,710.0
676,Tarapur-1,India,Suspended Operation,BWR,BWR-1 (Mark 2),1964-10-01,1969-10-28,,200.0,2023-08-28T08:01:45+03:00,WNA/IAEA,285.0
677,Tarapur-2,India,Suspended Operation,BWR,BWR-1 (Mark 2),1964-10-01,1969-10-28,,200.0,2023-08-28T08:01:45+03:00,WNA/IAEA,296.0
344,Jose Cabrera-1 (Zorita),Spain,Shutdown,PWR,WH 1LP,1964-06-24,1969-08-13,2006-04-30,153.0,2017-02-10T23:56:06+02:00,WNA/IAEA,139.0
651,St. Laurent-A1,France,Shutdown,GCR,UNGG,1963-10-01,1969-06-01,1990-04-18,480.0,2015-05-24T04:51:06+03:00,WNA/IAEA,225.0
346,AVR Juelich,Germany,Shutdown,HTGR,Pebble bed reactor prototype,1961-08-01,1969-05-19,1988-12-31,13.0,2021-06-07,WNA/IAEA,114.0
492,Obrigheim,Germany,Shutdown,PWR,,1965-03-15,1969-03-31,2005-05-11,283.0,2015-05-24T04:50:46+03:00,WNA/IAEA,121.0
251,Dodewaard,Netherlands,Shutdown,BWR,GE design,1965-05-01,1969-03-26,1997-03-26,54.0,2021-06-07,WNA/IAEA,422.0
439,Lingen,Germany,Shutdown,BWR,BWR with fossil fuel-fired superheater,1964-10-01,1968-10-01,1977-01-05,183.0,2021-02-14T03:47:53+02:00,WNA/IAEA,133.0
502,Oldbury-A2,United Kingdom,Shutdown,GCR,MAGNOX,1962-05-01,1968-09-30,2011-06-30,300.0,2015-05-24T04:51:12+03:00,WNA/IAEA,238.0
184,Douglas Point,Canada,Shutdown,PHWR,CANDU 200,1960-02-01,1968-09-26,1984-05-04,203.0,2015-05-24T04:50:24+03:00,WNA/IAEA,40.0
200,EL-4 (Monts D'Arree),France,Shutdown,HWGCR,Monts-D'Arree,1962-07-01,1968-06-01,1985-07-31,70.0,2015-05-24T05:20:27+03:00,IAEA,217.0
729,Winfrith SGHWR,United Kingdom,Shutdown,SGHWR,,1963-05-01,1968-01-01,1990-09-11,92.0,2015-05-24T04:51:12+03:00,WNA/IAEA,239.0
591,San Onofre-1,United States,Shutdown,PWR,PWR,1964-05-01,1968-01-01,1992-11-30,436.0,2022-04-21T20:26:19+03:00,WNA/IAEA,604.0
274,Haddam Neck,United States,Shutdown,PWR,,1964-05-01,1968-01-01,1996-12-05,582.0,2015-05-24T04:51:41+03:00,WNA/IAEA,605.0
501,Oldbury-A1,United Kingdom,Shutdown,GCR,MAGNOX,1962-05-01,1967-12-31,2012-02-29,300.0,2015-05-24T04:51:11+03:00,WNA/IAEA,237.0
527,Peach Bottom-1,United States,Shutdown,HTGR,,1962-02-01,1967-06-01,1974-11-01,40.0,2015-05-24T04:51:41+03:00,WNA/IAEA,603.0
146,Chooz-A,France,Shutdown,PWR,CHOOZ-A,1962-01-01,1967-04-15,1991-10-30,280.0,2015-05-24T04:51:01+03:00,WNA/IAEA,206.0
270,Gundremmingen-A,Germany,Shutdown,BWR,,1962-12-12,1967-04-12,1977-01-13,237.0,2015-05-24T04:50:46+03:00,WNA/IAEA,104.0
368,MZFR,Germany,Shutdown,PHWR,,1961-12-01,1966-12-19,1984-05-03,50.0,2021-06-07,WNA/IAEA,93.0
574,Rheinsberg,Germany,Shutdown,PWR,VVER-70,1960-01-01,1966-10-11,1990-06-01,62.0,2015-05-24T04:50:47+03:00,WNA/IAEA,122.0
637,Sizewell-A2,United Kingdom,Shutdown,GCR,MAGNOX,1961-04-01,1966-09-15,2006-12-31,290.0,2015-05-24T04:51:11+03:00,WNA/IAEA,236.0
205,Enrico Fermi-1,United States,Shutdown,FBR,Liquid Metal FBR,1956-08-08,1966-08-07,1972-11-29,60.0,2017-02-10T23:57:45+02:00,WNA/IAEA,602.0
141,Chinon-A3,France,Shutdown,GCR,UNGG,1961-03-01,1966-08-04,1990-06-15,480.0,2015-05-24T04:50:58+03:00,WNA/IAEA,195.0
526,Pathfinder,United States,Shutdown,BWR,Prototype,1959-01-01,1966-08-01,1967-10-01,59.0,2017-02-10T23:57:35+02:00,WNA/IAEA,598.0
694,Tokai-1,Japan,Shutdown,GCR,MAGNOX,1961-03-01,1966-07-25,1998-03-31,159.0,2015-05-24T04:51:27+03:00,WNA/IAEA,344.0
636,Sizewell-A1,United Kingdom,Shutdown,GCR,MAGNOX,1961-04-01,1966-03-25,2006-12-31,290.0,2015-05-24T04:51:10+03:00,WNA/IAEA,235.0
196,Dungeness-A2,United Kingdom,Shutdown,GCR,MAGNOX,1960-07-01,1965-12-30,2006-12-31,275.0,2015-05-24T04:51:20+03:00,WNA/IAEA,276.0
195,Dungeness-A1,United Kingdom,Shutdown,GCR,MAGNOX,1960-07-01,1965-10-28,2006-12-31,275.0,2015-05-24T04:51:20+03:00,WNA/IAEA,275.0
70,BONUS,United States,Shutdown,BWR,Superheater,1960-01-01,1965-09-01,1968-06-01,17.0,2021-06-06,WNA/IAEA,703.0
311,Hinkley Point-A2,United Kingdom,Shutdown,GCR,MAGNOX,1957-11-01,1965-05-05,2000-05-23,250.0,2015-05-24T04:51:19+03:00,WNA/IAEA,272.0
310,Hinkley Point-A1,United Kingdom,Shutdown,GCR,MAGNOX,1957-11-01,1965-03-30,2000-05-23,250.0,2015-05-24T04:51:19+03:00,WNA/IAEA,271.0
701,Trawsfynydd-1,United Kingdom,Shutdown,GCR,MAGNOX,1959-07-01,1965-03-24,1991-02-06,250.0,2015-05-24T04:51:20+03:00,WNA/IAEA,273.0
702,Trawsfynydd-2,United Kingdom,Shutdown,GCR,MAGNOX,1959-07-01,1965-03-24,1991-02-04,250.0,2015-05-24T04:51:20+03:00,WNA/IAEA,274.0
345,JPDR,Japan,Shutdown,BWR,BWR-1,1960-12-01,1965-03-15,1976-03-18,10.0,2015-05-24T04:51:26+03:00,IAEA,333.0
140,Chinon-A2,France,Shutdown,GCR,UNGG,1959-08-01,1965-02-24,1985-06-14,170.0,2015-05-24T04:50:53+03:00,WNA/IAEA,184.0
204,Enrico Fermi,Italy,Shutdown,PWR,WH 4LP,1961-07-01,1965-01-01,1990-07-01,247.0,2017-02-10T23:56:19+02:00,IAEA,326.0
487,Novovoronezh-1,Russia,Shutdown,PWR,VVER V-210,1957-07-01,1964-12-31,1988-02-16,197.0,2018-07-01T01:21:51+03:00,WNA/IAEA,499.0
201,Elk River,United States,Shutdown,BWR,,1959-01-01,1964-07-01,1968-02-01,22.0,2015-05-24T04:51:40+03:00,WNA/IAEA,596.0
327,Hunterston-A2,United Kingdom,Shutdown,GCR,MAGNOX,1957-10-01,1964-07-01,1989-12-31,150.0,2015-05-24T04:51:19+03:00,WNA/IAEA,270.0
243,Garigliano,Italy,Shutdown,BWR,BWR-1,1959-11-01,1964-06-01,1982-03-01,150.0,2015-05-24T04:51:26+03:00,WNA/IAEA,325.0
0,gesta,Sweden,Shutdown,PHWR,,1957-12-01,1964-05-01,1974-06-02,9.0,2015-05-24T04:51:37+03:00,WNA/IAEA,528.0
45,Beloyarsk-1,Russia,Shutdown,LWGR,AMB-100,1958-06-01,1964-04-26,1983-01-01,102.0,2015-05-24T04:51:34+03:00,WNA/IAEA,488.0
326,Hunterston-A1,United Kingdom,Shutdown,GCR,MAGNOX,1957-10-01,1964-02-05,1990-03-30,150.0,2015-05-24T04:51:19+03:00,WNA/IAEA,269.0
139,Chinon-A1,France,Shutdown,GCR,UNGG,1957-02-01,1964-02-01,1973-04-16,68.0,2015-05-24T04:50:52+03:00,WNA/IAEA,173.0
421,Latina,Italy,Shutdown,GCR,MAGNOX,1958-11-01,1964-01-01,1987-12-01,200.0,2015-05-24T04:51:26+03:00,WNA/IAEA,318.0
112,Carolinas CVTR,United States,Shutdown,PHWR,Prototype,1960-01-01,1963-12-18,1967-01-10,17.0,2017-02-10T23:57:39+02:00,WNA/IAEA,600.0
279,Hallam,United States,Shutdown,OCR,LMGMR (SGR-Sodium cooled graphite moderated reactor),1959-01-01,1963-11-01,1964-09-01,75.0,2015-08-23T03:28:28+03:00,WNA/IAEA,891.0
548,Piqua,United States,Shutdown,OCR,OCM (Organically Cooled and Moderated Reactor),1960-01-01,1963-11-01,1966-01-01,11.0,2015-05-24T04:54:13+03:00,IAEA,894.0
325,Humboldt Bay,United States,Shutdown,BWR,Natural cir.,1960-11-01,1963-08-01,1976-07-02,65.0,2015-05-24T04:51:41+03:00,WNA/IAEA,599.0
56,Big Rock Point,United States,Shutdown,BWR,,1960-05-01,1963-03-29,1997-08-29,72.0,2015-05-24T04:51:41+03:00,WNA/IAEA,601.0
728,Windscale AGR,United Kingdom,Shutdown,GCR,AGR,1958-11-01,1963-03-01,1981-04-03,32.0,2015-05-24T04:51:19+03:00,WNA/IAEA,268.0
74,Bradwell-2,United Kingdom,Shutdown,GCR,MAGNOX,1957-01-01,1962-11-12,2002-03-30,150.0,2015-05-24T04:51:19+03:00,WNA/IAEA,267.0
51,Berkeley-2,United Kingdom,Shutdown,GCR,MAGNOX,1957-01-01,1962-10-20,1988-10-26,138.0,2015-05-24T04:51:19+03:00,WNA/IAEA,265.0
72,BR-3,Belgium,Shutdown,PWR,Prototype,1957-11-01,1962-10-10,1987-06-30,11.0,2015-05-24T04:50:07+03:00,WNA/IAEA,8.0
336,Indian Point-1,United States,Shutdown,PWR,PWR,1956-05-01,1962-10-01,1974-10-31,265.0,2015-05-24T04:51:43+03:00,WNA/IAEA,643.0
580,Rolphton NPD,Canada,Shutdown,PHWR,CANDU,1958-01-01,1962-10-01,1987-08-01,17.0,2015-05-24T04:50:20+03:00,WNA/IAEA,29.0
185,Dounreay DFR,United Kingdom,Shutdown,FBR,,1955-03-01,1962-10-01,1977-03-01,14.0,2015-05-24T04:51:14+03:00,WNA/IAEA,242.0
73,Bradwell-1,United Kingdom,Shutdown,GCR,MAGNOX,1957-01-01,1962-07-01,2002-03-31,150.0,2015-05-24T04:51:19+03:00,WNA/IAEA,266.0
50,Berkeley-1,United Kingdom,Shutdown,GCR,MAGNOX,1957-01-01,1962-06-12,1989-03-31,138.0,2015-05-24T04:51:19+03:00,WNA/IAEA,264.0
754,Yankee Rowe,United States,Shutdown,PWR,PWR,1957-11-01,1961-07-01,1991-10-01,175.0,2015-05-24T04:51:43+03:00,WNA/IAEA,638.0
187,Dresden-1,United States,Shutdown,BWR,,1956-05-01,1960-07-04,1978-10-31,192.0,2015-05-24T04:51:40+03:00,WNA/IAEA,597.0
242,G-3 (Marcoule),France,Shutdown,GCR,,1956-03-01,1960-04-04,1984-06-20,36.0,2015-05-24T04:50:50+03:00,WNA/IAEA,161.0
128,Chapelcross-4,United Kingdom,Shutdown,GCR,MAGNOX,1955-10-01,1960-03-01,2004-06-29,35.0,2015-05-24T04:51:18+03:00,WNA/IAEA,255.0
127,Chapelcross-3,United Kingdom,Shutdown,GCR,MAGNOX,1955-10-01,1959-12-01,2004-06-29,35.0,2015-05-24T04:51:18+03:00,WNA/IAEA,254.0
126,Chapelcross-2,United Kingdom,Shutdown,GCR,MAGNOX,1955-10-01,1959-08-01,2004-06-29,35.0,2015-05-24T04:51:18+03:00,WNA/IAEA,253.0
241,G-2 (Marcoule),France,Shutdown,GCR,,1955-03-01,1959-04-22,1980-02-02,36.0,2015-05-24T04:50:51+03:00,WNA/IAEA,172.0
106,Calder Hall-4,United Kingdom,Shutdown,GCR,MAGNOX,1955-08-01,1959-04-01,2003-03-31,35.0,2015-05-24T04:51:10+03:00,WNA/IAEA,234.0
125,Chapelcross-1,United Kingdom,Shutdown,GCR,MAGNOX,1955-10-01,1959-03-01,2004-06-29,35.0,2015-05-24T04:51:17+03:00,WNA/IAEA,252.0
630,Shippingport,United States,Shutdown,PWR,PLWBR,1954-01-01,1958-05-26,1982-10-01,60.0,2015-05-24T04:51:54+03:00,IAEA,890.0
105,Calder Hall-3,United Kingdom,Shutdown,GCR,MAGNOX,1955-08-01,1958-05-01,2003-03-31,35.0,2015-05-24T04:51:10+03:00,WNA/IAEA,233.0
244,GE Vallecitos,United States,Shutdown,BWR,25,1956-01-01,1957-10-19,1963-12-09,24.0,2021-06-06,IAEA,893.0
104,Calder Hall-2,United Kingdom,Shutdown,GCR,MAGNOX,1953-08-01,1957-02-01,2003-03-31,35.0,2015-05-24T04:51:09+03:00,WNA/IAEA,232.0
103,Calder Hall-1,United Kingdom,Shutdown,GCR,MAGNOX,1953-08-01,1956-10-01,2003-03-31,35.0,2015-05-24T04:51:09+03:00,WNA/IAEA,231.0
15,APS-1 Obninsk,Russia,Shutdown,LWGR,AM-1,1951-01-01,1954-12-01,2002-04-29,5.0,2015-05-24T04:51:32+03:00,WNA/IAEA,447.0
3,Akhvaz-1,Iran,Planned,,,,,,,,WNA,
4,Akhvaz-2,Iran,Planned,,,,,,,,WNA,
5,Akkuyu-1,Trkiye,Under Construction,PWR,VVER V-509,2018-04-03,,,1114.0,2018-07-01T01:21:08+03:00,WNA/Wikipedia/IAEA,553.0
6,Akkuyu-2,Trkiye,Under Construction,PWR,VVER V-509,2020-04-08,,,1114.0,2020-08-31T01:39:56+03:00,Wikipedia/IAEA,1080.0
7,Akkuyu-3,Trkiye,Under Construction,PWR,VVER V-509,2021-03-10,,,1114.0,2021-04-20T02:47:37+03:00,Wikipedia/IAEA,1081.0
8,Akkuyu-4,Trkiye,Under Construction,PWR,VVER V-509,2022-07-21,,,1114.0,2022-09-24T22:33:57+03:00,Wikipedia/IAEA,1082.0
14,Angra-3,Brazil,Under Construction,PWR,PRE KONVOI,2010-05-30,,,1340.0,2023-08-28T08:01:45+03:00,WNA/IAEA,26.0
20,Armenian-3,Armenia,Planned,PWR,,,,,,2021-06-07,WNA,
29,Baltic-1,Russia,Under Construction,PWR,VVER V-491,2012-02-22,,,1109.0,2015-05-24T04:51:57+03:00,WNA/IAEA,968.0
33,Chutka-1,India,Planned,PHWR,,,,,,2021-06-07,WNA,
34,Chutka-2,India,Planned,PHWR,,,,,,2021-06-07,WNA,
40,Belarusian-2,Belarus,Operational,PWR,VVER V-491,2014-04-27,,,1110.0,2023-08-28T08:01:45+03:00,IAEA,1061.0
41,Belene-1,Bulgaria,Cancelled Construction,PWR,,1987-01-01,,,953.0,2021-02-14T00:57:00+02:00,WNA/IAEA,
42,Belene-2,Bulgaria,Cancelled Construction,PWR,,1987-03-31,,,953.0,2021-02-14T00:57:00+02:00,WNA/IAEA,
49,Beloyarsk-5,Russia,Planned,FBR,BN-1200,,,,,,WNA/Wikipedia,
98,Bushehr-2,Iran,Under Construction,PWR,V-528 VVER-1000 AES-92 GIII+,2019-09-27,,,974.0,2020-04-18T04:46:52+03:00,WNA/IAEA,311.0
99,Bushehr-3,Iran,Planned,,,,,,,,WNA,
100,Bushehr-4,Iran,Planned,,,,,,,,WNA,
111,CAREM25,Argentina,Under Construction,PWR,CAREM Prototype (Integrated-PWR),2015-08-25,,,25.0,2022-04-21T20:26:19+03:00,IAEA,1055.0
119,CEFR (China Experimental Fast Reactor),China,Operational,FBR,BN-20,2000-05-10,,,20.0,2021-06-12,WNA/IAEA,1047.0
122,Cernavoda-3,Romania,Suspended Construction,PHWR,,1984-02-09,,,655.0,2021-02-14T00:59:00+02:00,WNA/IAEA/Wikipedia,
166,Darkhovin,Iran,Unknown,PWR,,,,,,,Wikipedia,
171,Darlington-5,Canada,Planned,PHWR,,,,,,,WNA,
172,Darlington-6,Canada,Planned,PHWR,,,,,,,WNA,
199,El Dabaa-1,Egypt,Under Construction,PWR,VVER-1200,2022-07-20,,,1100.0,2023-08-28T08:01:45+03:00,WNA/IAEA/Wikipedia,137.0
218,Flamanville-3,France,Under Construction,PWR,EPR,2007-12-03,,,1630.0,2015-05-24T04:51:51+03:00,WNA/IAEA,873.0
269,Grosswelzheim,Germany,Decommissioning Completed,BWR,Superheated steam reactor,1965-01-01,,1971-07-20,23.0,2022-12-30T02:21:21+02:00,WNA/IAEA,134.0
277,Haiyang-3,China,Under Construction,PWR,CAP1000,2022-07-07,,,1161.0,2022-09-24T22:33:57+03:00,WNA/IAEA,993.0
278,Haiyang-4,China,Under Construction,PWR,CAP1000,2023-04-22,,,1161.0,2023-08-28T08:01:45+03:00,WNA/IAEA,994.0
285,Hamaoka-6,Japan,Planned,ABWR,,,,,,,WNA,
307,Higashi Dori-1 (Tokyo),Japan,Planned,ABWR,,,,,,,WNA,
308,Higashi Dori-2 (Tohoku),Japan,Planned,ABWR,,,,,,,WNA,
309,Higashi Dori-2 (Tokyo),Japan,Planned,ABWR,,,,,,,WNA,
314,Hinkley Point-C1,United Kingdom,Under Construction,PWR,EPR-1750,2018-12-11,,,1630.0,2019-06-02T20:18:41+03:00,WNA/IAEA,1072.0
315,Hinkley Point-C2,United Kingdom,Under Construction,PWR,EPR-1750,2019-12-12,,,1630.0,2020-04-18T04:46:52+03:00,WNA/IAEA,1073.0
316,Hongshiding-1 (Rushan-1),China,Planned,PWR,,,,,,,WNA,
317,Hongshiding-2 (Rushan-2),China,Planned,PWR,,,,,,,WNA,
332,Ignalina-3,Lithuania,Cancelled Construction,LWGR,RBMK-1500,1985-06-01,,,1380.0,2021-02-14T01:18:00+02:00,WNA/IAEA,
341,Jaitapur-1,India,Planned,PWR,,,,,,,WNA/Wikipedia,
342,Jaitapur-2,India,Planned,PWR,,,,,,,WNA/Wikipedia,
343,Java-1 (Muria),Indonesia,Planned,,,,,,,,WNA,
347,Kahl,Germany,Decommissioning Completed,BWR,BWR,1958-07-01,,1985-11-25,15.0,2022-12-30T02:24:37+02:00,WNA/IAEA,82.0
352,Kaiga-5,India,Planned,PWR,,,,,,,WNA,
353,Kaiga-6,India,Planned,PWR,,,,,,,WNA,
356,Kakrapar-3,India,Operational,PHWR,PHWR-700,2010-11-22,,,630.0,2021-02-14T03:47:53+02:00,WNA/IAEA,986.0
357,Kakrapar-4,India,Under Construction,PHWR,PHWR-700,2010-11-22,,,630.0,2015-05-24T04:51:57+03:00,WNA/IAEA,987.0
362,Kalpakkam (PFBR),India,Under Construction,FBR,Prototype,2004-10-23,,,470.0,2015-05-24T04:51:50+03:00,WNA/IAEA,859.0
365,Kaminoseki-1,Japan,Planned,ABWR,,,,,,,WNA,
366,Kaminoseki-2,Japan,Planned,ABWR,,,,,,,WNA,
379,Khmelnitski-3,Ukraine,Under Construction,PWR,VVER,1986-03-01,,,1035.0,2017-09-25T03:20:02+03:00,IAEA,581.0
380,Khmelnitski-4,Ukraine,Under Construction,PWR,VVER,1987-02-01,,,1035.0,2017-09-25T03:20:09+03:00,IAEA,582.0
402,Kudankulam-3,India,Under Construction,PWR,VVER V-412,2017-06-29,,,917.0,2017-09-25T03:20:58+03:00,WNA/IAEA,1059.0
403,Kudankulam-4,India,Under Construction,PWR,VVER V-412,2017-10-23,,,917.0,2018-07-01T01:21:38+03:00,WNA/IAEA,1060.0
404,Kudankulam-5,India,Under Construction,PWR,VVERV412,2021-06-29,,,917.0,2022-09-24T22:33:57+03:00,WNA/IAEA,1108.0
405,Kudankulam-6,India,Under Construction,PWR,VVERV412,2021-12-20,,,917.0,2022-09-24T22:33:57+03:00,WNA/IAEA,1109.0
406,Kumharia-1,India,Planned,PHWR,,,,,,,WNA,
407,Kumharia-2,India,Planned,PHWR,,,,,,,WNA,
408,Kumharia-3,India,Planned,PHWR,,,,,,,WNA,
409,Kumharia-4,India,Planned,PHWR,,,,,,,WNA,
425,Leningrad 2-3,Russia,Planned,PWR,VVER V-491,,,,1085.0,,Wikipedia,
426,Leningrad 2-4,Russia,Planned,PWR,VVER V-491,,,,1085.0,,Wikipedia,
431,Lianyungang-1,China,Planned,PWR,,,,,,,WNA,
432,Lianyungang-2,China,Planned,PWR,,,,,,,WNA,
440,Longyou-1,China,Planned,PWR,,,,,,,WNA,
441,Longyou-2,China,Planned,PWR,,,,,,,WNA,
444,Lucens,Switzerland,Shutdown,HWGCR,HWGCR: 2-loops,1962-04-01,,1969-01-21,6.0,2015-05-24T04:51:57+03:00,WNA/IAEA,966.0
445,Lungmen-1,Taiwan,Suspended Construction,BWR,ABWR,1999-03-31,,,1300.0,2021-02-04T04:51:39+02:00,WNA/IAEA,560.0
446,Lungmen-2,Taiwan,Suspended Construction,BWR,ABWR,1999-08-30,,,1300.0,2021-02-04T04:51:39+02:00,WNA/IAEA,561.0
460,Mochovce-3,Slovakia,Operational,PWR,VVER V-213,1987-01-27,,,440.0,2023-08-28T08:01:45+03:00,WNA/IAEA,544.0
461,Mochovce-4,Slovakia,Under Construction,PWR,VVER V-213,1987-01-27,,,440.0,2015-05-24T04:51:38+03:00,WNA/IAEA,545.0
462,Monju,Japan,Shutdown,FBR,,1986-05-10,,2017-12-05,246.0,2018-03-10T14:51:35+02:00,WNA/IAEA,357.0
470,Niederaichbach,Germany,Decommissioning Completed,HWGCR,pressure tube reactor,1966-06-01,,1974-07-31,100.0,2022-12-30T02:21:21+02:00,WNA/IAEA,84.0
477,Ningde-5,China,Planned,PWR,CPR-1000,,,,,,WNA/Wikipedia,
478,Ningde-6,China,Planned,PWR,CPR-1000,,,,,,WNA/Wikipedia,
479,Nizhny Novgorod-1,Russia,Planned,PWR,,,,,,2021-06-07,WNA,
480,Nizhny Novgorod-2,Russia,Planned,PWR,,,,,,2021-06-07,WNA,
500,Ohma,Japan,Under Construction,BWR,ABWR,2010-05-07,,,1328.0,2017-02-10T23:59:23+02:00,WNA/IAEA,867.0
505,Olkiluoto-3,Finland,Operational,PWR,EPR,2005-08-12,,,1600.0,2022-04-21T20:26:19+03:00,WNA/IAEA,860.0
506,Olkiluoto-4,Finland,Planned,,,,,,,,WNA,
518,Palisades,United States,Shutdown,PWR,CE 2LP (DRYAMB),1967-03-12,,2022-05-20,805.0,2022-09-24T22:33:57+03:00,WNA/IAEA,616.0
530,Pengze-1,China,Planned,PWR,AP-1000,,,,,,WNA,
531,Pengze-2,China,Planned,PWR,AP-1000,,,,,,WNA,
534,Penly-3,France,Planned,PWR,,,,,,,WNA,
552,Point Lepreau 2,Canada,Planned,,,,,,,,WNA,
571,Rajasthan-7,India,Under Construction,PHWR,Horizontal Pressure Tube type,2011-07-18,,,630.0,2015-05-24T04:54:06+03:00,WNA/IAEA,298.0
572,Rajasthan-8,India,Under Construction,PHWR,Horizontal Pressure Tube type,2011-09-30,,,630.0,2015-05-24T04:54:06+03:00,WNA/IAEA,299.0
596,Sanmen-3,China,Under Construction,PWR,CAP1000,2022-06-28,,,1163.0,2022-09-24T22:33:57+03:00,WNA/IAEA,995.0
597,Sanmen-4,China,Under Construction,PWR,CAP1000,2023-03-22,,,1163.0,2023-08-28T08:01:45+03:00,WNA/IAEA,996.0
598,Sanming-1,China,Planned,FBR,,,,,,,WNA,
599,Sanming-2,China,Planned,FBR,,,,,,,WNA,
601,Saxton,United States,Shutdown,PWR,25,1960-01-01,,1972-05-01,3.0,2022-04-21T20:26:19+03:00,IAEA,892.0
605,Sendai-3,Japan,Planned,APWR,,,,,,,WNA,
608,Shanwei-1,China,Planned,PWR,,,,,,,WNA,
609,Shaoguan-1,China,Planned,PWR,,,,,,,WNA,
610,Shaoguan-2,China,Planned,PWR,,,,,,,WNA,
611,Shaoguan-3,China,Planned,PWR,,,,,,,WNA,
612,Shaoguan-4,China,Planned,PWR,,,,,,,WNA,
614,Shidao Bay-1,China,Operational,HTGR,HTR-PM,2012-12-09,,,200.0,2022-01-05T00:04:08+02:00,IAEA/wikipedia,957.0
619,Shimane-3,Japan,Under Construction,BWR,ABWR,2006-10-24,,,1325.0,2021-02-14T03:47:53+02:00,WNA/IAEA,862.0
623,Shin-Hanul-2,South Korea,Under Construction,PWR,APR-1400,2013-06-19,,,1340.0,2015-05-24T04:51:53+03:00,IAEA,888.0
628,Saeul-3,South Korea,Under Construction,PWR,APR-1400,2017-04-01,,,1340.0,2022-12-30T01:45:43+02:00,WNA/Wikipedia/IAEA,1074.0
629,Saeul-4,South Korea,Under Construction,PWR,APR-1400,2018-09-20,,,1340.0,2022-12-30T01:45:43+02:00,WNA/Wikipedia/IAEA,1075.0
631,Shoreham,United States,Shutdown,BWR,BWR,1972-11-01,,1989-06-28,809.0,2022-04-21T20:26:19+03:00,WNA/IAEA,659.0
632,Sinop-1,Trkiye,Planned,PWR,ATMEA-1,,,,,,Wikipedia,
633,Sinop-2,Trkiye,Planned,PWR,ATMEA-1,,,,,,Wikipedia,
634,Sinop-3,Trkiye,Planned,PWR,ATMEA-1,,,,,,Wikipedia,
635,Sinop-4,Trkiye,Planned,PWR,ATMEA-1,,,,,,Wikipedia,
639,Sizewell-C1,United Kingdom,Planned,PWR,,,,,,,WNA,
640,Sizewell-C2,United Kingdom,Planned,PWR,,,,,,,WNA,
659,Summer-2,United States,Suspended Construction,PWR,AP-1000,2013-03-09,,,1117.0,2018-03-10T14:56:12+02:00,IAEA,1038.0
660,Summer-3,United States,Suspended Construction,PWR,AP-1000,2013-11-02,,,1117.0,2018-03-10T14:56:13+02:00,IAEA,1039.0
672,Taohuajiang-1,China,Planned,PWR,AP-1000,,,,,,WNA,
673,Taohuajiang-2,China,Planned,PWR,AP-1000,,,,,,WNA,
674,Taohuajiang-3,China,Planned,PWR,,,,,,,WNA,
675,Taohuajiang-4,China,Planned,PWR,,,,,,,WNA,
711,Tsuruga-3,Japan,Planned,PWR,,,,,,,WNA,
712,Tsuruga-4,Japan,Planned,PWR,,,,,,,WNA,
719,Visaginas-1,Lithuania,Planned,,,,,,,,WNA,
720,Visaginas-2,Lithuania,Planned,,,,,,,,WNA,
724,Vogtle-4,United States,Under Construction,PWR,AP-1000,2013-11-19,,,1117.0,2015-05-24T04:51:58+03:00,WNA/IAEA,1043.0
735,Wolsong-5,South Korea,Planned,PHWR,,,,,,,WNA,
736,Wolsong-6,South Korea,Planned,PHWR,,,,,,,WNA,
738,Wuhu-1,China,Planned,PWR,,,,,,,WNA,
739,Wuhu-2,China,Planned,PWR,,,,,,,WNA,
742,Xianning-1,China,Planned,PWR,AP-1000,,,,,,WNA/Wikipedia,
743,Xianning-2,China,Planned,PWR,AP-1000,,,,,,WNA/Wikipedia,
744,Xiaomoshan (Jiulongshan) 1,China,Planned,PWR,,,,,,,WNA,
745,Xiaomoshan (Jiulongshan) 2,China,Planned,PWR,,,,,,,WNA,
752,Yanjiashan-1,China,Planned,PWR,,,,,,,WNA,
753,Yanjiashan-2,China,Planned,PWR,,,,,,,WNA,
761,Zhangzhou-1,China,Under Construction,PWR,HPR1000,2019-10-16,,,1126.0,2021-01-09T20:00:00+02:00,WNA/IAEA/Wikipedia,1083.0
765,Barakah-4 (Braka),United Arab Emirates,Under Construction,PWR,APR-1400,2015-07-30,,,1310.0,2023-08-28T08:01:45+03:00,IAEA,1053.0
767,Fangchenggang-4,China,Under Construction,PWR,HPR1000,2016-12-23,,,1000.0,2017-02-10T23:59:38+02:00,IAEA,946.0
769,Rooppur-1,Bangladesh,Under Construction,PWR,VVER V-523,2017-11-30,,,1080.0,2018-03-10T20:52:25+02:00,IAEA,1078.0
770,Kursk 2-1,Russia,Under Construction,PWR,VVER V-510,2018-04-28,,,1200.0,2023-08-28T08:01:45+03:00,IAEA,903.0
771,Rooppur-2,Bangladesh,Under Construction,PWR,VVER V-523,2018-07-14,,,1080.0,2018-10-13T22:30:35+03:00,IAEA,1079.0
772,Kursk 2-2,Russia,Under Construction,PWR,VVER V-510,2019-05-01,,,1200.0,2023-08-28T08:01:45+03:00,IAEA,1008.0
773,Taipingling-1,China,Under Construction,PWR,HPR1000,2019-12-26,,,1116.0,2020-06-06T02:41:28+03:00,IAEA,1084.0
774,Zhangzhou-2,China,Under Construction,PWR,HPR-1000,2020-09-04,,,1126.0,2021-01-09T20:00:00+02:00,IAEA/Wikipedia,1090.0
775,Taipingling-2,China,Under Construction,PWR,HPR1000,2020-10-15,,,1116.0,2021-01-09T17:57:48+02:00,IAEA,1091.0
776,Xiapu-1,China,Under Construction,FBR,CFR600,2017-12-29,,,642.0,2021-04-30T21:49:18+03:00,WNA/Wikipedia/IAEA,1101.0
777,Xiapu-2,China,Under Construction,FBR,CFR-600,2020-12-27,,,600.0,2021-02-14T00:09:00+02:00,WNA/Wikipedia,
778,Cernavoda-4,Romania,Suspended Construction,PHWR,,1985-08-15,,,655.0,2021-02-14T01:00:00+02:00,IAEA/Wikipedia,
779,Cernavoda-5,Romania,Cancelled Construction,PHWR,,1987-05-12,,,655.0,2021-02-14T01:01:00+02:00,IAEA/Wikipedia,
780,Zwentendorf,Austria,Never Commissioned,BWR,,1972-04-04,,,692.0,2021-02-14T02:59:00+02:00,IAEA/Wikipedia,
781,SNR-300 (Kalkar),Germany,Never Commissioned,FBR,SNR-300,1973-04-23,,,295.0,2021-02-14T02:59:00+02:00,IAEA/Wikipedia,
782,Sanaocun-1,China,Under Construction,PWR,HRP1000,2020-12-31,,,1117.0,2021-02-14T03:47:53+02:00,IAEA/WNA,1094.0
783,CAP1400-1,China,Under Construction,PWR,CAP1400,2013-03-22,,,1534.0,2021-04-20T02:47:37+03:00,IAEA/Wikipedia,1085.0
784,CAP1400-2,China,Under Construction,PWR,CAP1400,2013-03-22,,,1534.0,2021-04-20T02:47:37+03:00,IAEA/Wikipedia,1086.0
785,Changjiang-3,China,Under Construction,PWR,HPR1000,2021-03-31,,,1000.0,2021-06-29T00:12:17+03:00,IAEA/Wikipedia,941.0
786,Xudabao-1,China,Planned,PWR,AP1000,,,,,2021-05-29,Wikipedia,
787,Xudabao-2,China,Planned,PWR,AP1000,,,,,2021-05-29,Wikipedia,
788,Xudabao-3,China,Under Construction,PWR,VVER-1200/V491,2021-07-28,,,1200.0,2022-01-05T00:04:08+02:00,WNA/Wikipedia/IAEA,1104.0
789,Xudabao-4,China,Under Construction,PWR,VVER-1200/V491,2022-05-19,,,1200.0,2022-09-24T22:33:57+03:00,Wikipedia/IAEA,1112.0
790,Tianwan-7,China,Under Construction,PWR,VVER-1200/V491,2021-05-19,,,1171.0,2022-01-05T00:04:08+02:00,WNA/Wikipedia/IAEA,1105.0
791,Tianwan-8,China,Under Construction,PWR,VVER-1200/V491,2022-02-25,,,1171.0,2022-04-21T20:26:19+03:00,Wikipedia/IAEA,1110.0
792,Changjiang-4,China,Under Construction,PWR,HPR1000,2021-12-28,,,1000.0,2022-04-21T20:26:19+03:00,Wikipedia/IAEA,942.0
793,Changjiang SMR-1,China,Under Construction,PWR,ACP100,2021-07-13,,,100.0,2022-04-21T20:26:19+03:00,WNA/IAEA,1111.0
794,Changjiang SMR-2,China,Planned,PWR,ACP100,,,,,2021-05-29,WNA,
795,Bohai Shipyard FNPP,China,Planned,PWR,ACPR50S,,,,,2021-05-29,WNA,
796,Jiaodong Shipyard FNPP,China,Planned,PWR,ACP100S,,,,,2021-05-29,WNA,
797,Shanwei-2,China,Planned,PWR,,,,,,2021-05-29,WNA,
798,BREST-OD-300,Russia,Under Construction,FBR,BREST-OD-300,2021-06-08,,,300.0,2022-01-05T00:04:08+02:00,IAEA/WNA,1106.0
799,Sanaocun-2,China,Under Construction,PWR,HRP1000,2021-12-30,,,1117.0,2022-04-21T20:26:19+03:00,IAEA,1107.0
800,El Dabaa-2,Egypt,Under Construction,PWR,VVER-1200,2022-11-19,,,1100.0,2023-08-28T08:01:45+03:00,IAEA/Wikipedia,138.0
801,El Dabaa-3,Egypt,Under Construction,PWR,VVER-1200,2023-05-03,,,1100.0,2023-08-28T08:24:00+03:00,IAEA/Wikipedia,1120.0
802,Lufeng-5,China,Under Construction,PWR,HPR1000,2022-09-08,,,1116.0,2023-08-28T08:01:45+03:00,IAEA,1113.0
